x,y,z,Year,Month,dT
1880.0,0.0,-0.8,1880.0,0.0,-0.8
1880.0,1.0,-0.37,1880.0,1.0,-0.37
1880.0,2.0,-0.45,1880.0,2.0,-0.45
1880.0,3.0,-0.64,1880.0,3.0,-0.64
1880.0,4.0,-0.34,1880.0,4.0,-0.34
1880.0,5.0,-0.47,1880.0,5.0,-0.47
1880.0,6.0,-0.46,1880.0,6.0,-0.46
1880.0,7.0,0.1,1880.0,7.0,0.1
1880.0,8.0,-0.47,1880.0,8.0,-0.47
1880.0,9.0,-0.65,1880.0,9.0,-0.65
1880.0,10.0,-0.49,1880.0,10.0,-0.49
1880.0,11.0,-0.51,1880.0,11.0,-0.51
1881.0,0.0,-0.76,1881.0,0.0,-0.76
1881.0,1.0,-0.59,1881.0,1.0,-0.59
1881.0,2.0,-0.34,1881.0,2.0,-0.34
1881.0,3.0,-0.24,1881.0,3.0,-0.24
1881.0,4.0,0.0,1881.0,4.0,0.0
1881.0,5.0,-1.09,1881.0,5.0,-1.09
1881.0,6.0,-0.5,1881.0,6.0,-0.5
1881.0,7.0,-0.21,1881.0,7.0,-0.21
1881.0,8.0,-0.31,1881.0,8.0,-0.31
1881.0,9.0,-0.45,1881.0,9.0,-0.45
1881.0,10.0,-0.53,1881.0,10.0,-0.53
1881.0,11.0,-0.11,1881.0,11.0,-0.11
1882.0,0.0,0.15,1882.0,0.0,0.15
1882.0,1.0,-0.08,1882.0,1.0,-0.08
1882.0,2.0,-0.05,1882.0,2.0,-0.05
1882.0,3.0,-0.55,1882.0,3.0,-0.55
1882.0,4.0,-0.34,1882.0,4.0,-0.34
1882.0,5.0,-0.99,1882.0,5.0,-0.99
1882.0,6.0,-0.67,1882.0,6.0,-0.67
1882.0,7.0,-0.08,1882.0,7.0,-0.08
1882.0,8.0,-0.04,1882.0,8.0,-0.04
1882.0,9.0,-0.28,1882.0,9.0,-0.28
1882.0,10.0,-0.36,1882.0,10.0,-0.36
1882.0,11.0,-0.64,1882.0,11.0,-0.64
1883.0,0.0,-0.65,1883.0,0.0,-0.65
1883.0,1.0,-0.91,1883.0,1.0,-0.91
1883.0,2.0,-0.43,1883.0,2.0,-0.43
1883.0,3.0,-0.28,1883.0,3.0,-0.28
1883.0,4.0,-0.32,1883.0,4.0,-0.32
1883.0,5.0,0.47,1883.0,5.0,0.47
1883.0,6.0,0.02,1883.0,6.0,0.02
1883.0,7.0,-0.12,1883.0,7.0,-0.12
1883.0,8.0,-0.42,1883.0,8.0,-0.42
1883.0,9.0,-0.53,1883.0,9.0,-0.53
1883.0,10.0,-0.66,1883.0,10.0,-0.66
1883.0,11.0,-0.36,1883.0,11.0,-0.36
1884.0,0.0,-0.57,1884.0,0.0,-0.57
1884.0,1.0,-0.31,1884.0,1.0,-0.31
1884.0,2.0,-0.37,1884.0,2.0,-0.37
1884.0,3.0,-0.91,1884.0,3.0,-0.91
1884.0,4.0,-1.16,1884.0,4.0,-1.16
1884.0,5.0,-0.79,1884.0,5.0,-0.79
1884.0,6.0,-0.81,1884.0,6.0,-0.81
1884.0,7.0,0.19,1884.0,7.0,0.19
1884.0,8.0,-0.33,1884.0,8.0,-0.33
1884.0,9.0,-0.74,1884.0,9.0,-0.74
1884.0,10.0,-0.78,1884.0,10.0,-0.78
1884.0,11.0,-0.96,1884.0,11.0,-0.96
1885.0,0.0,-0.89,1885.0,0.0,-0.89
1885.0,1.0,-0.76,1885.0,1.0,-0.76
1885.0,2.0,-0.88,1885.0,2.0,-0.88
1885.0,3.0,-0.83,1885.0,3.0,-0.83
1885.0,4.0,-0.45,1885.0,4.0,-0.45
1885.0,5.0,-0.9,1885.0,5.0,-0.9
1885.0,6.0,-0.59,1885.0,6.0,-0.59
1885.0,7.0,-0.12,1885.0,7.0,-0.12
1885.0,8.0,-0.12,1885.0,8.0,-0.12
1885.0,9.0,0.0,1885.0,9.0,0.0
1885.0,10.0,-0.34,1885.0,10.0,-0.34
1885.0,11.0,0.05,1885.0,11.0,0.05
1886.0,0.0,-0.72,1886.0,0.0,-0.72
1886.0,1.0,-0.79,1886.0,1.0,-0.79
1886.0,2.0,-0.65,1886.0,2.0,-0.65
1886.0,3.0,-0.58,1886.0,3.0,-0.58
1886.0,4.0,-0.53,1886.0,4.0,-0.53
1886.0,5.0,-0.81,1886.0,5.0,-0.81
1886.0,6.0,-0.36,1886.0,6.0,-0.36
1886.0,7.0,-0.69,1886.0,7.0,-0.69
1886.0,8.0,-0.38,1886.0,8.0,-0.38
1886.0,9.0,-0.82,1886.0,9.0,-0.82
1886.0,10.0,-0.45,1886.0,10.0,-0.45
1886.0,11.0,-0.71,1886.0,11.0,-0.71
1887.0,0.0,-0.84,1887.0,0.0,-0.84
1887.0,1.0,-1.24,1887.0,1.0,-1.24
1887.0,2.0,-0.56,1887.0,2.0,-0.56
1887.0,3.0,-0.81,1887.0,3.0,-0.81
1887.0,4.0,-0.83,1887.0,4.0,-0.83
1887.0,5.0,-0.64,1887.0,5.0,-0.64
1887.0,6.0,-0.38,1887.0,6.0,-0.38
1887.0,7.0,-0.23,1887.0,7.0,-0.23
1887.0,8.0,-0.59,1887.0,8.0,-0.59
1887.0,9.0,-0.52,1887.0,9.0,-0.52
1887.0,10.0,-0.89,1887.0,10.0,-0.89
1887.0,11.0,-0.63,1887.0,11.0,-0.63
1888.0,0.0,-0.7,1888.0,0.0,-0.7
1888.0,1.0,-0.79,1888.0,1.0,-0.79
1888.0,2.0,-0.87,1888.0,2.0,-0.87
1888.0,3.0,-0.28,1888.0,3.0,-0.28
1888.0,4.0,-0.72,1888.0,4.0,-0.72
1888.0,5.0,-0.52,1888.0,5.0,-0.52
1888.0,6.0,-0.33,1888.0,6.0,-0.33
1888.0,7.0,-0.32,1888.0,7.0,-0.32
1888.0,8.0,-0.38,1888.0,8.0,-0.38
1888.0,9.0,-0.24,1888.0,9.0,-0.24
1888.0,10.0,-0.02,1888.0,10.0,-0.02
1888.0,11.0,-0.14,1888.0,11.0,-0.14
1889.0,0.0,-0.25,1889.0,0.0,-0.25
1889.0,1.0,0.21,1889.0,1.0,0.21
1889.0,2.0,0.1,1889.0,2.0,0.1
1889.0,3.0,0.16,1889.0,3.0,0.16
1889.0,4.0,0.15,1889.0,4.0,0.15
1889.0,5.0,-0.26,1889.0,5.0,-0.26
1889.0,6.0,-0.37,1889.0,6.0,-0.37
1889.0,7.0,-0.56,1889.0,7.0,-0.56
1889.0,8.0,-0.33,1889.0,8.0,-0.33
1889.0,9.0,-0.16,1889.0,9.0,-0.16
1889.0,10.0,-0.4,1889.0,10.0,-0.4
1889.0,11.0,-0.41,1889.0,11.0,-0.41
1890.0,0.0,-0.57,1890.0,0.0,-0.57
1890.0,1.0,-0.6,1890.0,1.0,-0.6
1890.0,2.0,-0.58,1890.0,2.0,-0.58
1890.0,3.0,-0.49,1890.0,3.0,-0.49
1890.0,4.0,-0.89,1890.0,4.0,-0.89
1890.0,5.0,-0.54,1890.0,5.0,-0.54
1890.0,6.0,-0.57,1890.0,6.0,-0.57
1890.0,7.0,-0.58,1890.0,7.0,-0.58
1890.0,8.0,-0.31,1890.0,8.0,-0.31
1890.0,9.0,-0.23,1890.0,9.0,-0.23
1890.0,10.0,-0.73,1890.0,10.0,-0.73
1890.0,11.0,-0.49,1890.0,11.0,-0.49
1891.0,0.0,-0.92,1891.0,0.0,-0.92
1891.0,1.0,-1.04,1891.0,1.0,-1.04
1891.0,2.0,-0.49,1891.0,2.0,-0.49
1891.0,3.0,-0.65,1891.0,3.0,-0.65
1891.0,4.0,-0.45,1891.0,4.0,-0.45
1891.0,5.0,-0.54,1891.0,5.0,-0.54
1891.0,6.0,-0.71,1891.0,6.0,-0.71
1891.0,7.0,-0.55,1891.0,7.0,-0.55
1891.0,8.0,-0.48,1891.0,8.0,-0.48
1891.0,9.0,-0.54,1891.0,9.0,-0.54
1891.0,10.0,-0.53,1891.0,10.0,-0.53
1891.0,11.0,0.06,1891.0,11.0,0.06
1892.0,0.0,-0.59,1892.0,0.0,-0.59
1892.0,1.0,-0.28,1892.0,1.0,-0.28
1892.0,2.0,-0.56,1892.0,2.0,-0.56
1892.0,3.0,-0.68,1892.0,3.0,-0.68
1892.0,4.0,-0.62,1892.0,4.0,-0.62
1892.0,5.0,-0.53,1892.0,5.0,-0.53
1892.0,6.0,-0.35,1892.0,6.0,-0.35
1892.0,7.0,-0.23,1892.0,7.0,-0.23
1892.0,8.0,-0.44,1892.0,8.0,-0.44
1892.0,9.0,-0.31,1892.0,9.0,-0.31
1892.0,10.0,-0.6,1892.0,10.0,-0.6
1892.0,11.0,-0.57,1892.0,11.0,-0.57
1893.0,0.0,-1.4,1893.0,0.0,-1.4
1893.0,1.0,-0.97,1893.0,1.0,-0.97
1893.0,2.0,-0.56,1893.0,2.0,-0.56
1893.0,3.0,-0.63,1893.0,3.0,-0.63
1893.0,4.0,-0.7,1893.0,4.0,-0.7
1893.0,5.0,-0.66,1893.0,5.0,-0.66
1893.0,6.0,-0.12,1893.0,6.0,-0.12
1893.0,7.0,-0.33,1893.0,7.0,-0.33
1893.0,8.0,-0.24,1893.0,8.0,-0.24
1893.0,9.0,-0.08,1893.0,9.0,-0.08
1893.0,10.0,-0.1,1893.0,10.0,-0.1
1893.0,11.0,-0.35,1893.0,11.0,-0.35
1894.0,0.0,-0.74,1894.0,0.0,-0.74
1894.0,1.0,-0.61,1894.0,1.0,-0.61
1894.0,2.0,-0.38,1894.0,2.0,-0.38
1894.0,3.0,-0.64,1894.0,3.0,-0.64
1894.0,4.0,-0.65,1894.0,4.0,-0.65
1894.0,5.0,-0.47,1894.0,5.0,-0.47
1894.0,6.0,-0.37,1894.0,6.0,-0.37
1894.0,7.0,-0.31,1894.0,7.0,-0.31
1894.0,8.0,-0.42,1894.0,8.0,-0.42
1894.0,9.0,-0.08,1894.0,9.0,-0.08
1894.0,10.0,-0.14,1894.0,10.0,-0.14
1894.0,11.0,-0.16,1894.0,11.0,-0.16
1895.0,0.0,-0.68,1895.0,0.0,-0.68
1895.0,1.0,-0.78,1895.0,1.0,-0.78
1895.0,2.0,-0.5,1895.0,2.0,-0.5
1895.0,3.0,-0.46,1895.0,3.0,-0.46
1895.0,4.0,-0.29,1895.0,4.0,-0.29
1895.0,5.0,-0.28,1895.0,5.0,-0.28
1895.0,6.0,-0.53,1895.0,6.0,-0.53
1895.0,7.0,-0.18,1895.0,7.0,-0.18
1895.0,8.0,-0.14,1895.0,8.0,-0.14
1895.0,9.0,-0.1,1895.0,9.0,-0.1
1895.0,10.0,-0.16,1895.0,10.0,-0.16
1895.0,11.0,-0.08,1895.0,11.0,-0.08
1896.0,0.0,-0.22,1896.0,0.0,-0.22
1896.0,1.0,-0.28,1896.0,1.0,-0.28
1896.0,2.0,-0.52,1896.0,2.0,-0.52
1896.0,3.0,-0.47,1896.0,3.0,-0.47
1896.0,4.0,-0.43,1896.0,4.0,-0.43
1896.0,5.0,-0.45,1896.0,5.0,-0.45
1896.0,6.0,-0.19,1896.0,6.0,-0.19
1896.0,7.0,-0.36,1896.0,7.0,-0.36
1896.0,8.0,-0.08,1896.0,8.0,-0.08
1896.0,9.0,-0.01,1896.0,9.0,-0.01
1896.0,10.0,-0.42,1896.0,10.0,-0.42
1896.0,11.0,-0.2,1896.0,11.0,-0.2
1897.0,0.0,-0.25,1897.0,0.0,-0.25
1897.0,1.0,-0.49,1897.0,1.0,-0.49
1897.0,2.0,-0.29,1897.0,2.0,-0.29
1897.0,3.0,-0.09,1897.0,3.0,-0.09
1897.0,4.0,-0.24,1897.0,4.0,-0.24
1897.0,5.0,-0.16,1897.0,5.0,-0.16
1897.0,6.0,-0.09,1897.0,6.0,-0.09
1897.0,7.0,-0.3,1897.0,7.0,-0.3
1897.0,8.0,-0.14,1897.0,8.0,-0.14
1897.0,9.0,-0.21,1897.0,9.0,-0.21
1897.0,10.0,0.01,1897.0,10.0,0.01
1897.0,11.0,-0.21,1897.0,11.0,-0.21
1898.0,0.0,-0.1,1898.0,0.0,-0.1
1898.0,1.0,-0.42,1898.0,1.0,-0.42
1898.0,2.0,-0.79,1898.0,2.0,-0.79
1898.0,3.0,-0.55,1898.0,3.0,-0.55
1898.0,4.0,-0.61,1898.0,4.0,-0.61
1898.0,5.0,-0.29,1898.0,5.0,-0.29
1898.0,6.0,-0.34,1898.0,6.0,-0.34
1898.0,7.0,-0.22,1898.0,7.0,-0.22
1898.0,8.0,-0.01,1898.0,8.0,-0.01
1898.0,9.0,-0.4,1898.0,9.0,-0.4
1898.0,10.0,-0.48,1898.0,10.0,-0.48
1898.0,11.0,-0.2,1898.0,11.0,-0.2
1899.0,0.0,-0.42,1899.0,0.0,-0.42
1899.0,1.0,-0.6,1899.0,1.0,-0.6
1899.0,2.0,-0.36,1899.0,2.0,-0.36
1899.0,3.0,-0.25,1899.0,3.0,-0.25
1899.0,4.0,-0.4,1899.0,4.0,-0.4
1899.0,5.0,-0.53,1899.0,5.0,-0.53
1899.0,6.0,-0.3,1899.0,6.0,-0.3
1899.0,7.0,-0.28,1899.0,7.0,-0.28
1899.0,8.0,-0.01,1899.0,8.0,-0.01
1899.0,9.0,-0.27,1899.0,9.0,-0.27
1899.0,10.0,-0.01,1899.0,10.0,-0.01
1899.0,11.0,-0.21,1899.0,11.0,-0.21
1900.0,0.0,-0.54,1900.0,0.0,-0.54
1900.0,1.0,-0.04,1900.0,1.0,-0.04
1900.0,2.0,-0.17,1900.0,2.0,-0.17
1900.0,3.0,-0.16,1900.0,3.0,-0.16
1900.0,4.0,-0.17,1900.0,4.0,-0.17
1900.0,5.0,-0.12,1900.0,5.0,-0.12
1900.0,6.0,-0.36,1900.0,6.0,-0.36
1900.0,7.0,-0.16,1900.0,7.0,-0.16
1900.0,8.0,-0.07,1900.0,8.0,-0.07
1900.0,9.0,0.15,1900.0,9.0,0.15
1900.0,10.0,-0.11,1900.0,10.0,-0.11
1900.0,11.0,-0.06,1900.0,11.0,-0.06
1901.0,0.0,-0.19,1901.0,0.0,-0.19
1901.0,1.0,-0.1,1901.0,1.0,-0.1
1901.0,2.0,-0.1,1901.0,2.0,-0.1
1901.0,3.0,-0.07,1901.0,3.0,-0.07
1901.0,4.0,-0.18,1901.0,4.0,-0.18
1901.0,5.0,0.03,1901.0,5.0,0.03
1901.0,6.0,-0.24,1901.0,6.0,-0.24
1901.0,7.0,-0.21,1901.0,7.0,-0.21
1901.0,8.0,0.03,1901.0,8.0,0.03
1901.0,9.0,-0.18,1901.0,9.0,-0.18
1901.0,10.0,-0.12,1901.0,10.0,-0.12
1901.0,11.0,-0.21,1901.0,11.0,-0.21
1902.0,0.0,-0.28,1902.0,0.0,-0.28
1902.0,1.0,-0.03,1902.0,1.0,-0.03
1902.0,2.0,-0.17,1902.0,2.0,-0.17
1902.0,3.0,-0.18,1902.0,3.0,-0.18
1902.0,4.0,-0.31,1902.0,4.0,-0.31
1902.0,5.0,-0.35,1902.0,5.0,-0.35
1902.0,6.0,-0.42,1902.0,6.0,-0.42
1902.0,7.0,-0.52,1902.0,7.0,-0.52
1902.0,8.0,-0.39,1902.0,8.0,-0.39
1902.0,9.0,-0.46,1902.0,9.0,-0.46
1902.0,10.0,-0.48,1902.0,10.0,-0.48
1902.0,11.0,-0.55,1902.0,11.0,-0.55
1903.0,0.0,-0.33,1903.0,0.0,-0.33
1903.0,1.0,-0.13,1903.0,1.0,-0.13
1903.0,2.0,-0.15,1903.0,2.0,-0.15
1903.0,3.0,-0.53,1903.0,3.0,-0.53
1903.0,4.0,-0.42,1903.0,4.0,-0.42
1903.0,5.0,-0.63,1903.0,5.0,-0.63
1903.0,6.0,-0.31,1903.0,6.0,-0.31
1903.0,7.0,-0.42,1903.0,7.0,-0.42
1903.0,8.0,-0.43,1903.0,8.0,-0.43
1903.0,9.0,-0.49,1903.0,9.0,-0.49
1903.0,10.0,-0.45,1903.0,10.0,-0.45
1903.0,11.0,-0.6,1903.0,11.0,-0.6
1904.0,0.0,-0.78,1904.0,0.0,-0.78
1904.0,1.0,-0.75,1904.0,1.0,-0.75
1904.0,2.0,-0.55,1904.0,2.0,-0.55
1904.0,3.0,-0.42,1904.0,3.0,-0.42
1904.0,4.0,-0.62,1904.0,4.0,-0.62
1904.0,5.0,-0.48,1904.0,5.0,-0.48
1904.0,6.0,-0.61,1904.0,6.0,-0.61
1904.0,7.0,-0.49,1904.0,7.0,-0.49
1904.0,8.0,-0.44,1904.0,8.0,-0.44
1904.0,9.0,-0.51,1904.0,9.0,-0.51
1904.0,10.0,-0.24,1904.0,10.0,-0.24
1904.0,11.0,-0.4,1904.0,11.0,-0.4
1905.0,0.0,-0.41,1905.0,0.0,-0.41
1905.0,1.0,-0.96,1905.0,1.0,-0.96
1905.0,2.0,-0.23,1905.0,2.0,-0.23
1905.0,3.0,-0.32,1905.0,3.0,-0.32
1905.0,4.0,-0.35,1905.0,4.0,-0.35
1905.0,5.0,-0.29,1905.0,5.0,-0.29
1905.0,6.0,-0.43,1905.0,6.0,-0.43
1905.0,7.0,-0.26,1905.0,7.0,-0.26
1905.0,8.0,-0.21,1905.0,8.0,-0.21
1905.0,9.0,-0.36,1905.0,9.0,-0.36
1905.0,10.0,-0.07,1905.0,10.0,-0.07
1905.0,11.0,-0.24,1905.0,11.0,-0.24
1906.0,0.0,-0.16,1906.0,0.0,-0.16
1906.0,1.0,-0.32,1906.0,1.0,-0.32
1906.0,2.0,-0.32,1906.0,2.0,-0.32
1906.0,3.0,0.07,1906.0,3.0,0.07
1906.0,4.0,-0.19,1906.0,4.0,-0.19
1906.0,5.0,-0.22,1906.0,5.0,-0.22
1906.0,6.0,-0.21,1906.0,6.0,-0.21
1906.0,7.0,-0.16,1906.0,7.0,-0.16
1906.0,8.0,-0.3,1906.0,8.0,-0.3
1906.0,9.0,-0.18,1906.0,9.0,-0.18
1906.0,10.0,-0.53,1906.0,10.0,-0.53
1906.0,11.0,-0.25,1906.0,11.0,-0.25
1907.0,0.0,-0.48,1907.0,0.0,-0.48
1907.0,1.0,-0.65,1907.0,1.0,-0.65
1907.0,2.0,-0.43,1907.0,2.0,-0.43
1907.0,3.0,-0.58,1907.0,3.0,-0.58
1907.0,4.0,-0.58,1907.0,4.0,-0.58
1907.0,5.0,-0.66,1907.0,5.0,-0.66
1907.0,6.0,-0.42,1907.0,6.0,-0.42
1907.0,7.0,-0.54,1907.0,7.0,-0.54
1907.0,8.0,-0.38,1907.0,8.0,-0.38
1907.0,9.0,-0.32,1907.0,9.0,-0.32
1907.0,10.0,-0.59,1907.0,10.0,-0.59
1907.0,11.0,-0.65,1907.0,11.0,-0.65
1908.0,0.0,-0.36,1908.0,0.0,-0.36
1908.0,1.0,-0.3,1908.0,1.0,-0.3
1908.0,2.0,-0.49,1908.0,2.0,-0.49
1908.0,3.0,-0.44,1908.0,3.0,-0.44
1908.0,4.0,-0.32,1908.0,4.0,-0.32
1908.0,5.0,-0.42,1908.0,5.0,-0.42
1908.0,6.0,-0.39,1908.0,6.0,-0.39
1908.0,7.0,-0.38,1908.0,7.0,-0.38
1908.0,8.0,-0.15,1908.0,8.0,-0.15
1908.0,9.0,-0.39,1908.0,9.0,-0.39
1908.0,10.0,-0.57,1908.0,10.0,-0.57
1908.0,11.0,-0.39,1908.0,11.0,-0.39
1909.0,0.0,-0.77,1909.0,0.0,-0.77
1909.0,1.0,-0.57,1909.0,1.0,-0.57
1909.0,2.0,-0.48,1909.0,2.0,-0.48
1909.0,3.0,-0.6,1909.0,3.0,-0.6
1909.0,4.0,-0.57,1909.0,4.0,-0.57
1909.0,5.0,-0.41,1909.0,5.0,-0.41
1909.0,6.0,-0.33,1909.0,6.0,-0.33
1909.0,7.0,-0.09,1909.0,7.0,-0.09
1909.0,8.0,-0.18,1909.0,8.0,-0.18
1909.0,9.0,-0.16,1909.0,9.0,-0.16
1909.0,10.0,-0.13,1909.0,10.0,-0.13
1909.0,11.0,-0.52,1909.0,11.0,-0.52
1910.0,0.0,-0.44,1910.0,0.0,-0.44
1910.0,1.0,-0.37,1910.0,1.0,-0.37
1910.0,2.0,-0.46,1910.0,2.0,-0.46
1910.0,3.0,-0.3,1910.0,3.0,-0.3
1910.0,4.0,-0.24,1910.0,4.0,-0.24
1910.0,5.0,-0.33,1910.0,5.0,-0.33
1910.0,6.0,-0.22,1910.0,6.0,-0.22
1910.0,7.0,-0.13,1910.0,7.0,-0.13
1910.0,8.0,-0.08,1910.0,8.0,-0.08
1910.0,9.0,-0.28,1910.0,9.0,-0.28
1910.0,10.0,-0.51,1910.0,10.0,-0.51
1910.0,11.0,-0.64,1910.0,11.0,-0.64
1911.0,0.0,-0.63,1911.0,0.0,-0.63
1911.0,1.0,-0.63,1911.0,1.0,-0.63
1911.0,2.0,-0.59,1911.0,2.0,-0.59
1911.0,3.0,-0.5,1911.0,3.0,-0.5
1911.0,4.0,-0.36,1911.0,4.0,-0.36
1911.0,5.0,-0.36,1911.0,5.0,-0.36
1911.0,6.0,-0.14,1911.0,6.0,-0.14
1911.0,7.0,-0.22,1911.0,7.0,-0.22
1911.0,8.0,-0.23,1911.0,8.0,-0.23
1911.0,9.0,-0.15,1911.0,9.0,-0.15
1911.0,10.0,-0.1,1911.0,10.0,-0.1
1911.0,11.0,-0.21,1911.0,11.0,-0.21
1912.0,0.0,-0.15,1912.0,0.0,-0.15
1912.0,1.0,-0.09,1912.0,1.0,-0.09
1912.0,2.0,-0.39,1912.0,2.0,-0.39
1912.0,3.0,-0.26,1912.0,3.0,-0.26
1912.0,4.0,-0.16,1912.0,4.0,-0.16
1912.0,5.0,-0.23,1912.0,5.0,-0.23
1912.0,6.0,-0.47,1912.0,6.0,-0.47
1912.0,7.0,-0.6,1912.0,7.0,-0.6
1912.0,8.0,-0.33,1912.0,8.0,-0.33
1912.0,9.0,-0.44,1912.0,9.0,-0.44
1912.0,10.0,-0.39,1912.0,10.0,-0.39
1912.0,11.0,-0.3,1912.0,11.0,-0.3
1913.0,0.0,-0.42,1913.0,0.0,-0.42
1913.0,1.0,-0.46,1913.0,1.0,-0.46
1913.0,2.0,-0.55,1913.0,2.0,-0.55
1913.0,3.0,-0.28,1913.0,3.0,-0.28
1913.0,4.0,-0.6,1913.0,4.0,-0.6
1913.0,5.0,-0.59,1913.0,5.0,-0.59
1913.0,6.0,-0.2,1913.0,6.0,-0.2
1913.0,7.0,-0.18,1913.0,7.0,-0.18
1913.0,8.0,-0.18,1913.0,8.0,-0.18
1913.0,9.0,-0.27,1913.0,9.0,-0.27
1913.0,10.0,-0.11,1913.0,10.0,-0.11
1913.0,11.0,0.08,1913.0,11.0,0.08
1914.0,0.0,0.17,1914.0,0.0,0.17
1914.0,1.0,-0.01,1914.0,1.0,-0.01
1914.0,2.0,-0.02,1914.0,2.0,-0.02
1914.0,3.0,-0.18,1914.0,3.0,-0.18
1914.0,4.0,0.0,1914.0,4.0,0.0
1914.0,5.0,-0.08,1914.0,5.0,-0.08
1914.0,6.0,-0.19,1914.0,6.0,-0.19
1914.0,7.0,-0.06,1914.0,7.0,-0.06
1914.0,8.0,-0.05,1914.0,8.0,-0.05
1914.0,9.0,0.14,1914.0,9.0,0.14
1914.0,10.0,-0.31,1914.0,10.0,-0.31
1914.0,11.0,-0.18,1914.0,11.0,-0.18
1915.0,0.0,-0.14,1915.0,0.0,-0.14
1915.0,1.0,0.08,1915.0,1.0,0.08
1915.0,2.0,-0.08,1915.0,2.0,-0.08
1915.0,3.0,0.0,1915.0,3.0,0.0
1915.0,4.0,-0.19,1915.0,4.0,-0.19
1915.0,5.0,-0.19,1915.0,5.0,-0.19
1915.0,6.0,0.05,1915.0,6.0,0.05
1915.0,7.0,-0.17,1915.0,7.0,-0.17
1915.0,8.0,0.01,1915.0,8.0,0.01
1915.0,9.0,-0.07,1915.0,9.0,-0.07
1915.0,10.0,0.07,1915.0,10.0,0.07
1915.0,11.0,-0.07,1915.0,11.0,-0.07
1916.0,0.0,-0.04,1916.0,0.0,-0.04
1916.0,1.0,-0.09,1916.0,1.0,-0.09
1916.0,2.0,-0.43,1916.0,2.0,-0.43
1916.0,3.0,-0.26,1916.0,3.0,-0.26
1916.0,4.0,-0.32,1916.0,4.0,-0.32
1916.0,5.0,-0.48,1916.0,5.0,-0.48
1916.0,6.0,-0.34,1916.0,6.0,-0.34
1916.0,7.0,-0.08,1916.0,7.0,-0.08
1916.0,8.0,-0.15,1916.0,8.0,-0.15
1916.0,9.0,-0.12,1916.0,9.0,-0.12
1916.0,10.0,-0.34,1916.0,10.0,-0.34
1916.0,11.0,-0.78,1916.0,11.0,-0.78
1917.0,0.0,-0.49,1917.0,0.0,-0.49
1917.0,1.0,-0.72,1917.0,1.0,-0.72
1917.0,2.0,-0.77,1917.0,2.0,-0.77
1917.0,3.0,-0.51,1917.0,3.0,-0.51
1917.0,4.0,-0.78,1917.0,4.0,-0.78
1917.0,5.0,-0.45,1917.0,5.0,-0.45
1917.0,6.0,0.02,1917.0,6.0,0.02
1917.0,7.0,-0.36,1917.0,7.0,-0.36
1917.0,8.0,-0.29,1917.0,8.0,-0.29
1917.0,9.0,-0.48,1917.0,9.0,-0.48
1917.0,10.0,-0.29,1917.0,10.0,-0.29
1917.0,11.0,-0.91,1917.0,11.0,-0.91
1918.0,0.0,-0.61,1918.0,0.0,-0.61
1918.0,1.0,-0.57,1918.0,1.0,-0.57
1918.0,2.0,-0.46,1918.0,2.0,-0.46
1918.0,3.0,-0.52,1918.0,3.0,-0.52
1918.0,4.0,-0.75,1918.0,4.0,-0.75
1918.0,5.0,-0.41,1918.0,5.0,-0.41
1918.0,6.0,-0.45,1918.0,6.0,-0.45
1918.0,7.0,-0.44,1918.0,7.0,-0.44
1918.0,8.0,-0.14,1918.0,8.0,-0.14
1918.0,9.0,0.04,1918.0,9.0,0.04
1918.0,10.0,-0.22,1918.0,10.0,-0.22
1918.0,11.0,-0.33,1918.0,11.0,-0.33
1919.0,0.0,-0.27,1919.0,0.0,-0.27
1919.0,1.0,-0.22,1919.0,1.0,-0.22
1919.0,2.0,-0.1,1919.0,2.0,-0.1
1919.0,3.0,-0.11,1919.0,3.0,-0.11
1919.0,4.0,-0.14,1919.0,4.0,-0.14
1919.0,5.0,-0.16,1919.0,5.0,-0.16
1919.0,6.0,-0.06,1919.0,6.0,-0.06
1919.0,7.0,-0.06,1919.0,7.0,-0.06
1919.0,8.0,-0.18,1919.0,8.0,-0.18
1919.0,9.0,-0.05,1919.0,9.0,-0.05
1919.0,10.0,-0.41,1919.0,10.0,-0.41
1919.0,11.0,-0.28,1919.0,11.0,-0.28
1920.0,0.0,-0.09,1920.0,0.0,-0.09
1920.0,1.0,-0.27,1920.0,1.0,-0.27
1920.0,2.0,-0.15,1920.0,2.0,-0.15
1920.0,3.0,-0.18,1920.0,3.0,-0.18
1920.0,4.0,-0.3,1920.0,4.0,-0.3
1920.0,5.0,-0.37,1920.0,5.0,-0.37
1920.0,6.0,-0.2,1920.0,6.0,-0.2
1920.0,7.0,-0.14,1920.0,7.0,-0.14
1920.0,8.0,-0.14,1920.0,8.0,-0.14
1920.0,9.0,-0.42,1920.0,9.0,-0.42
1920.0,10.0,-0.32,1920.0,10.0,-0.32
1920.0,11.0,-0.46,1920.0,11.0,-0.46
1921.0,0.0,0.0,1921.0,0.0,0.0
1921.0,1.0,-0.15,1921.0,1.0,-0.15
1921.0,2.0,-0.1,1921.0,2.0,-0.1
1921.0,3.0,-0.16,1921.0,3.0,-0.16
1921.0,4.0,-0.17,1921.0,4.0,-0.17
1921.0,5.0,-0.09,1921.0,5.0,-0.09
1921.0,6.0,0.02,1921.0,6.0,0.02
1921.0,7.0,-0.44,1921.0,7.0,-0.44
1921.0,8.0,-0.12,1921.0,8.0,-0.12
1921.0,9.0,-0.08,1921.0,9.0,-0.08
1921.0,10.0,-0.24,1921.0,10.0,-0.24
1921.0,11.0,-0.15,1921.0,11.0,-0.15
1922.0,0.0,-0.38,1922.0,0.0,-0.38
1922.0,1.0,-0.42,1922.0,1.0,-0.42
1922.0,2.0,-0.29,1922.0,2.0,-0.29
1922.0,3.0,-0.08,1922.0,3.0,-0.08
1922.0,4.0,-0.35,1922.0,4.0,-0.35
1922.0,5.0,-0.3,1922.0,5.0,-0.3
1922.0,6.0,-0.02,1922.0,6.0,-0.02
1922.0,7.0,-0.22,1922.0,7.0,-0.22
1922.0,8.0,-0.12,1922.0,8.0,-0.12
1922.0,9.0,-0.23,1922.0,9.0,-0.23
1922.0,10.0,-0.09,1922.0,10.0,-0.09
1922.0,11.0,-0.12,1922.0,11.0,-0.12
1923.0,0.0,-0.22,1923.0,0.0,-0.22
1923.0,1.0,-0.2,1923.0,1.0,-0.2
1923.0,2.0,-0.21,1923.0,2.0,-0.21
1923.0,3.0,-0.45,1923.0,3.0,-0.45
1923.0,4.0,-0.3,1923.0,4.0,-0.3
1923.0,5.0,-0.25,1923.0,5.0,-0.25
1923.0,6.0,-0.48,1923.0,6.0,-0.48
1923.0,7.0,-0.35,1923.0,7.0,-0.35
1923.0,8.0,-0.28,1923.0,8.0,-0.28
1923.0,9.0,-0.09,1923.0,9.0,-0.09
1923.0,10.0,-0.01,1923.0,10.0,-0.01
1923.0,11.0,-0.06,1923.0,11.0,-0.06
1924.0,0.0,-0.26,1924.0,0.0,-0.26
1924.0,1.0,-0.4,1924.0,1.0,-0.4
1924.0,2.0,-0.11,1924.0,2.0,-0.11
1924.0,3.0,-0.49,1924.0,3.0,-0.49
1924.0,4.0,-0.27,1924.0,4.0,-0.27
1924.0,5.0,-0.14,1924.0,5.0,-0.14
1924.0,6.0,-0.13,1924.0,6.0,-0.13
1924.0,7.0,-0.14,1924.0,7.0,-0.14
1924.0,8.0,-0.04,1924.0,8.0,-0.04
1924.0,9.0,-0.11,1924.0,9.0,-0.11
1924.0,10.0,-0.04,1924.0,10.0,-0.04
1924.0,11.0,-0.26,1924.0,11.0,-0.26
1925.0,0.0,-0.42,1925.0,0.0,-0.42
1925.0,1.0,-0.34,1925.0,1.0,-0.34
1925.0,2.0,-0.25,1925.0,2.0,-0.25
1925.0,3.0,-0.14,1925.0,3.0,-0.14
1925.0,4.0,-0.31,1925.0,4.0,-0.31
1925.0,5.0,-0.39,1925.0,5.0,-0.39
1925.0,6.0,-0.39,1925.0,6.0,-0.39
1925.0,7.0,-0.08,1925.0,7.0,-0.08
1925.0,8.0,-0.29,1925.0,8.0,-0.29
1925.0,9.0,-0.35,1925.0,9.0,-0.35
1925.0,10.0,-0.02,1925.0,10.0,-0.02
1925.0,11.0,0.2,1925.0,11.0,0.2
1926.0,0.0,0.27,1926.0,0.0,0.27
1926.0,1.0,0.3,1926.0,1.0,0.3
1926.0,2.0,0.22,1926.0,2.0,0.22
1926.0,3.0,-0.1,1926.0,3.0,-0.1
1926.0,4.0,-0.34,1926.0,4.0,-0.34
1926.0,5.0,-0.2,1926.0,5.0,-0.2
1926.0,6.0,-0.14,1926.0,6.0,-0.14
1926.0,7.0,0.04,1926.0,7.0,0.04
1926.0,8.0,0.04,1926.0,8.0,0.04
1926.0,9.0,-0.09,1926.0,9.0,-0.09
1926.0,10.0,0.05,1926.0,10.0,0.05
1926.0,11.0,-0.22,1926.0,11.0,-0.22
1927.0,0.0,-0.16,1927.0,0.0,-0.16
1927.0,1.0,-0.16,1927.0,1.0,-0.16
1927.0,2.0,-0.35,1927.0,2.0,-0.35
1927.0,3.0,-0.32,1927.0,3.0,-0.32
1927.0,4.0,-0.27,1927.0,4.0,-0.27
1927.0,5.0,-0.23,1927.0,5.0,-0.23
1927.0,6.0,-0.04,1927.0,6.0,-0.04
1927.0,7.0,-0.23,1927.0,7.0,-0.23
1927.0,8.0,-0.08,1927.0,8.0,-0.08
1927.0,9.0,0.18,1927.0,9.0,0.18
1927.0,10.0,0.15,1927.0,10.0,0.15
1927.0,11.0,-0.19,1927.0,11.0,-0.19
1928.0,0.0,0.09,1928.0,0.0,0.09
1928.0,1.0,0.03,1928.0,1.0,0.03
1928.0,2.0,-0.07,1928.0,2.0,-0.07
1928.0,3.0,-0.05,1928.0,3.0,-0.05
1928.0,4.0,-0.34,1928.0,4.0,-0.34
1928.0,5.0,-0.52,1928.0,5.0,-0.52
1928.0,6.0,-0.03,1928.0,6.0,-0.03
1928.0,7.0,-0.01,1928.0,7.0,-0.01
1928.0,8.0,0.06,1928.0,8.0,0.06
1928.0,9.0,-0.01,1928.0,9.0,-0.01
1928.0,10.0,0.13,1928.0,10.0,0.13
1928.0,11.0,-0.01,1928.0,11.0,-0.01
1929.0,0.0,-0.23,1929.0,0.0,-0.23
1929.0,1.0,-0.48,1929.0,1.0,-0.48
1929.0,2.0,-0.3,1929.0,2.0,-0.3
1929.0,3.0,-0.39,1929.0,3.0,-0.39
1929.0,4.0,-0.38,1929.0,4.0,-0.38
1929.0,5.0,-0.39,1929.0,5.0,-0.39
1929.0,6.0,-0.34,1929.0,6.0,-0.34
1929.0,7.0,-0.34,1929.0,7.0,-0.34
1929.0,8.0,-0.18,1929.0,8.0,-0.18
1929.0,9.0,0.04,1929.0,9.0,0.04
1929.0,10.0,0.0,1929.0,10.0,0.0
1929.0,11.0,-0.58,1929.0,11.0,-0.58
1930.0,0.0,-0.2,1930.0,0.0,-0.2
1930.0,1.0,-0.17,1930.0,1.0,-0.17
1930.0,2.0,-0.03,1930.0,2.0,-0.03
1930.0,3.0,-0.21,1930.0,3.0,-0.21
1930.0,4.0,-0.13,1930.0,4.0,-0.13
1930.0,5.0,-0.2,1930.0,5.0,-0.2
1930.0,6.0,-0.17,1930.0,6.0,-0.17
1930.0,7.0,-0.14,1930.0,7.0,-0.14
1930.0,8.0,-0.1,1930.0,8.0,-0.1
1930.0,9.0,-0.26,1930.0,9.0,-0.26
1930.0,10.0,0.13,1930.0,10.0,0.13
1930.0,11.0,-0.04,1930.0,11.0,-0.04
1931.0,0.0,-0.13,1931.0,0.0,-0.13
1931.0,1.0,-0.26,1931.0,1.0,-0.26
1931.0,2.0,-0.03,1931.0,2.0,-0.03
1931.0,3.0,-0.28,1931.0,3.0,-0.28
1931.0,4.0,-0.16,1931.0,4.0,-0.16
1931.0,5.0,-0.07,1931.0,5.0,-0.07
1931.0,6.0,0.09,1931.0,6.0,0.09
1931.0,7.0,0.11,1931.0,7.0,0.11
1931.0,8.0,-0.15,1931.0,8.0,-0.15
1931.0,9.0,0.06,1931.0,9.0,0.06
1931.0,10.0,-0.15,1931.0,10.0,-0.15
1931.0,11.0,0.08,1931.0,11.0,0.08
1932.0,0.0,0.34,1932.0,0.0,0.34
1932.0,1.0,-0.26,1932.0,1.0,-0.26
1932.0,2.0,-0.19,1932.0,2.0,-0.19
1932.0,3.0,0.08,1932.0,3.0,0.08
1932.0,4.0,-0.17,1932.0,4.0,-0.17
1932.0,5.0,-0.45,1932.0,5.0,-0.45
1932.0,6.0,-0.21,1932.0,6.0,-0.21
1932.0,7.0,-0.16,1932.0,7.0,-0.16
1932.0,8.0,0.07,1932.0,8.0,0.07
1932.0,9.0,0.1,1932.0,9.0,0.1
1932.0,10.0,-0.08,1932.0,10.0,-0.08
1932.0,11.0,-0.13,1932.0,11.0,-0.13
1933.0,0.0,-0.35,1933.0,0.0,-0.35
1933.0,1.0,-0.26,1933.0,1.0,-0.26
1933.0,2.0,-0.24,1933.0,2.0,-0.24
1933.0,3.0,-0.17,1933.0,3.0,-0.17
1933.0,4.0,-0.11,1933.0,4.0,-0.11
1933.0,5.0,-0.25,1933.0,5.0,-0.25
1933.0,6.0,-0.1,1933.0,6.0,-0.1
1933.0,7.0,-0.16,1933.0,7.0,-0.16
1933.0,8.0,-0.08,1933.0,8.0,-0.08
1933.0,9.0,-0.06,1933.0,9.0,-0.06
1933.0,10.0,-0.34,1933.0,10.0,-0.34
1933.0,11.0,-0.53,1933.0,11.0,-0.53
1934.0,0.0,-0.13,1934.0,0.0,-0.13
1934.0,1.0,-0.1,1934.0,1.0,-0.1
1934.0,2.0,-0.34,1934.0,2.0,-0.34
1934.0,3.0,-0.33,1934.0,3.0,-0.33
1934.0,4.0,0.02,1934.0,4.0,0.02
1934.0,5.0,-0.16,1934.0,5.0,-0.16
1934.0,6.0,0.02,1934.0,6.0,0.02
1934.0,7.0,0.09,1934.0,7.0,0.09
1934.0,8.0,-0.06,1934.0,8.0,-0.06
1934.0,9.0,-0.04,1934.0,9.0,-0.04
1934.0,10.0,0.07,1934.0,10.0,0.07
1934.0,11.0,0.09,1934.0,11.0,0.09
1935.0,0.0,-0.32,1935.0,0.0,-0.32
1935.0,1.0,0.24,1935.0,1.0,0.24
1935.0,2.0,0.05,1935.0,2.0,0.05
1935.0,3.0,-0.48,1935.0,3.0,-0.48
1935.0,4.0,-0.33,1935.0,4.0,-0.33
1935.0,5.0,-0.2,1935.0,5.0,-0.2
1935.0,6.0,-0.26,1935.0,6.0,-0.26
1935.0,7.0,-0.23,1935.0,7.0,-0.23
1935.0,8.0,-0.37,1935.0,8.0,-0.37
1935.0,9.0,-0.04,1935.0,9.0,-0.04
1935.0,10.0,-0.3,1935.0,10.0,-0.3
1935.0,11.0,-0.17,1935.0,11.0,-0.17
1936.0,0.0,-0.26,1936.0,0.0,-0.26
1936.0,1.0,-0.41,1936.0,1.0,-0.41
1936.0,2.0,-0.14,1936.0,2.0,-0.14
1936.0,3.0,-0.01,1936.0,3.0,-0.01
1936.0,4.0,-0.27,1936.0,4.0,-0.27
1936.0,5.0,-0.15,1936.0,5.0,-0.15
1936.0,6.0,0.23,1936.0,6.0,0.23
1936.0,7.0,0.02,1936.0,7.0,0.02
1936.0,8.0,0.01,1936.0,8.0,0.01
1936.0,9.0,0.03,1936.0,9.0,0.03
1936.0,10.0,0.05,1936.0,10.0,0.05
1936.0,11.0,0.11,1936.0,11.0,0.11
1937.0,0.0,-0.1,1937.0,0.0,-0.1
1937.0,1.0,0.08,1937.0,1.0,0.08
1937.0,2.0,-0.18,1937.0,2.0,-0.18
1937.0,3.0,-0.17,1937.0,3.0,-0.17
1937.0,4.0,0.0,1937.0,4.0,0.0
1937.0,5.0,-0.03,1937.0,5.0,-0.03
1937.0,6.0,-0.1,1937.0,6.0,-0.1
1937.0,7.0,0.07,1937.0,7.0,0.07
1937.0,8.0,0.26,1937.0,8.0,0.26
1937.0,9.0,0.23,1937.0,9.0,0.23
1937.0,10.0,0.31,1937.0,10.0,0.31
1937.0,11.0,-0.06,1937.0,11.0,-0.06
1938.0,0.0,0.01,1938.0,0.0,0.01
1938.0,1.0,0.01,1938.0,1.0,0.01
1938.0,2.0,0.21,1938.0,2.0,0.21
1938.0,3.0,0.29,1938.0,3.0,0.29
1938.0,4.0,0.1,1938.0,4.0,0.1
1938.0,5.0,-0.1,1938.0,5.0,-0.1
1938.0,6.0,0.03,1938.0,6.0,0.03
1938.0,7.0,-0.06,1938.0,7.0,-0.06
1938.0,8.0,0.12,1938.0,8.0,0.12
1938.0,9.0,0.32,1938.0,9.0,0.32
1938.0,10.0,0.13,1938.0,10.0,0.13
1938.0,11.0,-0.09,1938.0,11.0,-0.09
1939.0,0.0,-0.01,1939.0,0.0,-0.01
1939.0,1.0,-0.16,1939.0,1.0,-0.16
1939.0,2.0,-0.34,1939.0,2.0,-0.34
1939.0,3.0,-0.15,1939.0,3.0,-0.15
1939.0,4.0,0.0,1939.0,4.0,0.0
1939.0,5.0,-0.08,1939.0,5.0,-0.08
1939.0,6.0,-0.11,1939.0,6.0,-0.11
1939.0,7.0,-0.23,1939.0,7.0,-0.23
1939.0,8.0,-0.12,1939.0,8.0,-0.12
1939.0,9.0,-0.07,1939.0,9.0,-0.07
1939.0,10.0,-0.15,1939.0,10.0,-0.15
1939.0,11.0,0.35,1939.0,11.0,0.35
1940.0,0.0,-0.19,1940.0,0.0,-0.19
1940.0,1.0,0.07,1940.0,1.0,0.07
1940.0,2.0,0.12,1940.0,2.0,0.12
1940.0,3.0,0.03,1940.0,3.0,0.03
1940.0,4.0,0.07,1940.0,4.0,0.07
1940.0,5.0,0.17,1940.0,5.0,0.17
1940.0,6.0,0.22,1940.0,6.0,0.22
1940.0,7.0,0.09,1940.0,7.0,0.09
1940.0,8.0,0.2,1940.0,8.0,0.2
1940.0,9.0,0.05,1940.0,9.0,0.05
1940.0,10.0,0.07,1940.0,10.0,0.07
1940.0,11.0,0.23,1940.0,11.0,0.23
1941.0,0.0,0.03,1941.0,0.0,0.03
1941.0,1.0,0.21,1941.0,1.0,0.21
1941.0,2.0,-0.11,1941.0,2.0,-0.11
1941.0,3.0,0.01,1941.0,3.0,0.01
1941.0,4.0,0.1,1941.0,4.0,0.1
1941.0,5.0,0.13,1941.0,5.0,0.13
1941.0,6.0,0.26,1941.0,6.0,0.26
1941.0,7.0,0.04,1941.0,7.0,0.04
1941.0,8.0,-0.19,1941.0,8.0,-0.19
1941.0,9.0,0.1,1941.0,9.0,0.1
1941.0,10.0,-0.05,1941.0,10.0,-0.05
1941.0,11.0,0.03,1941.0,11.0,0.03
1942.0,0.0,0.2,1942.0,0.0,0.2
1942.0,1.0,-0.04,1942.0,1.0,-0.04
1942.0,2.0,-0.01,1942.0,2.0,-0.01
1942.0,3.0,-0.02,1942.0,3.0,-0.02
1942.0,4.0,0.01,1942.0,4.0,0.01
1942.0,5.0,0.06,1942.0,5.0,0.06
1942.0,6.0,0.04,1942.0,6.0,0.04
1942.0,7.0,0.1,1942.0,7.0,0.1
1942.0,8.0,0.07,1942.0,8.0,0.07
1942.0,9.0,0.0,1942.0,9.0,0.0
1942.0,10.0,0.12,1942.0,10.0,0.12
1942.0,11.0,0.05,1942.0,11.0,0.05
1943.0,0.0,-0.2,1943.0,0.0,-0.2
1943.0,1.0,0.05,1943.0,1.0,0.05
1943.0,2.0,-0.14,1943.0,2.0,-0.14
1943.0,3.0,0.0,1943.0,3.0,0.0
1943.0,4.0,-0.1,1943.0,4.0,-0.1
1943.0,5.0,-0.12,1943.0,5.0,-0.12
1943.0,6.0,0.08,1943.0,6.0,0.08
1943.0,7.0,-0.17,1943.0,7.0,-0.17
1943.0,8.0,0.05,1943.0,8.0,0.05
1943.0,9.0,0.27,1943.0,9.0,0.27
1943.0,10.0,0.08,1943.0,10.0,0.08
1943.0,11.0,0.2,1943.0,11.0,0.2
1944.0,0.0,0.31,1944.0,0.0,0.31
1944.0,1.0,0.12,1944.0,1.0,0.12
1944.0,2.0,0.09,1944.0,2.0,0.09
1944.0,3.0,-0.08,1944.0,3.0,-0.08
1944.0,4.0,-0.07,1944.0,4.0,-0.07
1944.0,5.0,-0.08,1944.0,5.0,-0.08
1944.0,6.0,0.03,1944.0,6.0,0.03
1944.0,7.0,0.05,1944.0,7.0,0.05
1944.0,8.0,0.21,1944.0,8.0,0.21
1944.0,9.0,0.19,1944.0,9.0,0.19
1944.0,10.0,-0.02,1944.0,10.0,-0.02
1944.0,11.0,-0.22,1944.0,11.0,-0.22
1945.0,0.0,0.0,1945.0,0.0,0.0
1945.0,1.0,-0.16,1945.0,1.0,-0.16
1945.0,2.0,-0.02,1945.0,2.0,-0.02
1945.0,3.0,0.11,1945.0,3.0,0.11
1945.0,4.0,-0.27,1945.0,4.0,-0.27
1945.0,5.0,-0.32,1945.0,5.0,-0.32
1945.0,6.0,-0.24,1945.0,6.0,-0.24
1945.0,7.0,0.17,1945.0,7.0,0.17
1945.0,8.0,0.04,1945.0,8.0,0.04
1945.0,9.0,0.03,1945.0,9.0,0.03
1945.0,10.0,-0.08,1945.0,10.0,-0.08
1945.0,11.0,-0.37,1945.0,11.0,-0.37
1946.0,0.0,-0.01,1946.0,0.0,-0.01
1946.0,1.0,-0.06,1946.0,1.0,-0.06
1946.0,2.0,-0.17,1946.0,2.0,-0.17
1946.0,3.0,0.02,1946.0,3.0,0.02
1946.0,4.0,-0.02,1946.0,4.0,-0.02
1946.0,5.0,-0.19,1946.0,5.0,-0.19
1946.0,6.0,0.03,1946.0,6.0,0.03
1946.0,7.0,-0.06,1946.0,7.0,-0.06
1946.0,8.0,-0.01,1946.0,8.0,-0.01
1946.0,9.0,-0.16,1946.0,9.0,-0.16
1946.0,10.0,-0.09,1946.0,10.0,-0.09
1946.0,11.0,-0.32,1946.0,11.0,-0.32
1947.0,0.0,-0.15,1947.0,0.0,-0.15
1947.0,1.0,0.02,1947.0,1.0,0.02
1947.0,2.0,0.17,1947.0,2.0,0.17
1947.0,3.0,0.11,1947.0,3.0,0.11
1947.0,4.0,-0.02,1947.0,4.0,-0.02
1947.0,5.0,0.0,1947.0,5.0,0.0
1947.0,6.0,-0.05,1947.0,6.0,-0.05
1947.0,7.0,-0.01,1947.0,7.0,-0.01
1947.0,8.0,0.0,1947.0,8.0,0.0
1947.0,9.0,0.23,1947.0,9.0,0.23
1947.0,10.0,0.22,1947.0,10.0,0.22
1947.0,11.0,-0.18,1947.0,11.0,-0.18
1948.0,0.0,0.19,1948.0,0.0,0.19
1948.0,1.0,-0.17,1948.0,1.0,-0.17
1948.0,2.0,-0.29,1948.0,2.0,-0.29
1948.0,3.0,-0.13,1948.0,3.0,-0.13
1948.0,4.0,0.02,1948.0,4.0,0.02
1948.0,5.0,0.04,1948.0,5.0,0.04
1948.0,6.0,-0.16,1948.0,6.0,-0.16
1948.0,7.0,-0.19,1948.0,7.0,-0.19
1948.0,8.0,0.0,1948.0,8.0,0.0
1948.0,9.0,-0.03,1948.0,9.0,-0.03
1948.0,10.0,-0.17,1948.0,10.0,-0.17
1948.0,11.0,-0.2,1948.0,11.0,-0.2
1949.0,0.0,0.02,1949.0,0.0,0.02
1949.0,1.0,-0.36,1949.0,1.0,-0.36
1949.0,2.0,-0.08,1949.0,2.0,-0.08
1949.0,3.0,-0.26,1949.0,3.0,-0.26
1949.0,4.0,-0.15,1949.0,4.0,-0.15
1949.0,5.0,-0.17,1949.0,5.0,-0.17
1949.0,6.0,-0.1,1949.0,6.0,-0.1
1949.0,7.0,-0.13,1949.0,7.0,-0.13
1949.0,8.0,-0.07,1949.0,8.0,-0.07
1949.0,9.0,0.0,1949.0,9.0,0.0
1949.0,10.0,-0.05,1949.0,10.0,-0.05
1949.0,11.0,-0.19,1949.0,11.0,-0.19
1950.0,0.0,-0.32,1950.0,0.0,-0.32
1950.0,1.0,-0.33,1950.0,1.0,-0.33
1950.0,2.0,-0.07,1950.0,2.0,-0.07
1950.0,3.0,-0.24,1950.0,3.0,-0.24
1950.0,4.0,-0.23,1950.0,4.0,-0.23
1950.0,5.0,-0.11,1950.0,5.0,-0.11
1950.0,6.0,-0.13,1950.0,6.0,-0.13
1950.0,7.0,-0.35,1950.0,7.0,-0.35
1950.0,8.0,-0.19,1950.0,8.0,-0.19
1950.0,9.0,-0.22,1950.0,9.0,-0.22
1950.0,10.0,-0.41,1950.0,10.0,-0.41
1950.0,11.0,-0.19,1950.0,11.0,-0.19
1951.0,0.0,-0.38,1951.0,0.0,-0.38
1951.0,1.0,-0.48,1951.0,1.0,-0.48
1951.0,2.0,-0.16,1951.0,2.0,-0.16
1951.0,3.0,-0.04,1951.0,3.0,-0.04
1951.0,4.0,0.05,1951.0,4.0,0.05
1951.0,5.0,-0.05,1951.0,5.0,-0.05
1951.0,6.0,-0.05,1951.0,6.0,-0.05
1951.0,7.0,0.1,1951.0,7.0,0.1
1951.0,8.0,0.07,1951.0,8.0,0.07
1951.0,9.0,0.0,1951.0,9.0,0.0
1951.0,10.0,-0.03,1951.0,10.0,-0.03
1951.0,11.0,0.13,1951.0,11.0,0.13
1952.0,0.0,0.07,1952.0,0.0,0.07
1952.0,1.0,0.11,1952.0,1.0,0.11
1952.0,2.0,-0.19,1952.0,2.0,-0.19
1952.0,3.0,-0.08,1952.0,3.0,-0.08
1952.0,4.0,-0.12,1952.0,4.0,-0.12
1952.0,5.0,-0.1,1952.0,5.0,-0.1
1952.0,6.0,0.04,1952.0,6.0,0.04
1952.0,7.0,0.09,1952.0,7.0,0.09
1952.0,8.0,0.13,1952.0,8.0,0.13
1952.0,9.0,-0.03,1952.0,9.0,-0.03
1952.0,10.0,-0.21,1952.0,10.0,-0.21
1952.0,11.0,-0.04,1952.0,11.0,-0.04
1953.0,0.0,0.1,1953.0,0.0,0.1
1953.0,1.0,0.05,1953.0,1.0,0.05
1953.0,2.0,0.14,1953.0,2.0,0.14
1953.0,3.0,0.1,1953.0,3.0,0.1
1953.0,4.0,-0.04,1953.0,4.0,-0.04
1953.0,5.0,0.01,1953.0,5.0,0.01
1953.0,6.0,-0.04,1953.0,6.0,-0.04
1953.0,7.0,0.1,1953.0,7.0,0.1
1953.0,8.0,0.07,1953.0,8.0,0.07
1953.0,9.0,0.05,1953.0,9.0,0.05
1953.0,10.0,0.01,1953.0,10.0,0.01
1953.0,11.0,0.14,1953.0,11.0,0.14
1954.0,0.0,-0.31,1954.0,0.0,-0.31
1954.0,1.0,-0.09,1954.0,1.0,-0.09
1954.0,2.0,-0.11,1954.0,2.0,-0.11
1954.0,3.0,-0.15,1954.0,3.0,-0.15
1954.0,4.0,-0.19,1954.0,4.0,-0.19
1954.0,5.0,-0.2,1954.0,5.0,-0.2
1954.0,6.0,-0.26,1954.0,6.0,-0.26
1954.0,7.0,-0.17,1954.0,7.0,-0.17
1954.0,8.0,-0.17,1954.0,8.0,-0.17
1954.0,9.0,0.0,1954.0,9.0,0.0
1954.0,10.0,0.17,1954.0,10.0,0.17
1954.0,11.0,-0.13,1954.0,11.0,-0.13
1955.0,0.0,0.22,1955.0,0.0,0.22
1955.0,1.0,-0.1,1955.0,1.0,-0.1
1955.0,2.0,-0.39,1955.0,2.0,-0.39
1955.0,3.0,-0.19,1955.0,3.0,-0.19
1955.0,4.0,-0.18,1955.0,4.0,-0.18
1955.0,5.0,-0.19,1955.0,5.0,-0.19
1955.0,6.0,-0.17,1955.0,6.0,-0.17
1955.0,7.0,0.1,1955.0,7.0,0.1
1955.0,8.0,-0.11,1955.0,8.0,-0.11
1955.0,9.0,0.01,1955.0,9.0,0.01
1955.0,10.0,-0.25,1955.0,10.0,-0.25
1955.0,11.0,-0.31,1955.0,11.0,-0.31
1956.0,0.0,-0.24,1956.0,0.0,-0.24
1956.0,1.0,-0.31,1956.0,1.0,-0.31
1956.0,2.0,-0.33,1956.0,2.0,-0.33
1956.0,3.0,-0.25,1956.0,3.0,-0.25
1956.0,4.0,-0.3,1956.0,4.0,-0.3
1956.0,5.0,-0.1,1956.0,5.0,-0.1
1956.0,6.0,-0.12,1956.0,6.0,-0.12
1956.0,7.0,-0.32,1956.0,7.0,-0.32
1956.0,8.0,-0.15,1956.0,8.0,-0.15
1956.0,9.0,-0.24,1956.0,9.0,-0.24
1956.0,10.0,-0.23,1956.0,10.0,-0.23
1956.0,11.0,-0.2,1956.0,11.0,-0.2
1957.0,0.0,-0.15,1957.0,0.0,-0.15
1957.0,1.0,-0.05,1957.0,1.0,-0.05
1957.0,2.0,-0.08,1957.0,2.0,-0.08
1957.0,3.0,0.0,1957.0,3.0,0.0
1957.0,4.0,-0.01,1957.0,4.0,-0.01
1957.0,5.0,0.14,1957.0,5.0,0.14
1957.0,6.0,-0.12,1957.0,6.0,-0.12
1957.0,7.0,0.13,1957.0,7.0,0.13
1957.0,8.0,0.1,1957.0,8.0,0.1
1957.0,9.0,0.01,1957.0,9.0,0.01
1957.0,10.0,0.13,1957.0,10.0,0.13
1957.0,11.0,0.2,1957.0,11.0,0.2
1958.0,0.0,0.42,1958.0,0.0,0.42
1958.0,1.0,0.25,1958.0,1.0,0.25
1958.0,2.0,0.19,1958.0,2.0,0.19
1958.0,3.0,0.09,1958.0,3.0,0.09
1958.0,4.0,0.12,1958.0,4.0,0.12
1958.0,5.0,-0.18,1958.0,5.0,-0.18
1958.0,6.0,0.08,1958.0,6.0,0.08
1958.0,7.0,-0.1,1958.0,7.0,-0.1
1958.0,8.0,-0.06,1958.0,8.0,-0.06
1958.0,9.0,0.1,1958.0,9.0,0.1
1958.0,10.0,0.08,1958.0,10.0,0.08
1958.0,11.0,-0.07,1958.0,11.0,-0.07
1959.0,0.0,0.04,1959.0,0.0,0.04
1959.0,1.0,0.09,1959.0,1.0,0.09
1959.0,2.0,0.24,1959.0,2.0,0.24
1959.0,3.0,0.19,1959.0,3.0,0.19
1959.0,4.0,-0.01,1959.0,4.0,-0.01
1959.0,5.0,0.09,1959.0,5.0,0.09
1959.0,6.0,0.1,1959.0,6.0,0.1
1959.0,7.0,0.01,1959.0,7.0,0.01
1959.0,8.0,-0.13,1959.0,8.0,-0.13
1959.0,9.0,-0.1,1959.0,9.0,-0.1
1959.0,10.0,-0.08,1959.0,10.0,-0.08
1959.0,11.0,0.09,1959.0,11.0,0.09
1960.0,0.0,0.08,1960.0,0.0,0.08
1960.0,1.0,0.27,1960.0,1.0,0.27
1960.0,2.0,-0.46,1960.0,2.0,-0.46
1960.0,3.0,-0.2,1960.0,3.0,-0.2
1960.0,4.0,-0.13,1960.0,4.0,-0.13
1960.0,5.0,-0.01,1960.0,5.0,-0.01
1960.0,6.0,-0.11,1960.0,6.0,-0.11
1960.0,7.0,0.08,1960.0,7.0,0.08
1960.0,8.0,0.09,1960.0,8.0,0.09
1960.0,9.0,0.12,1960.0,9.0,0.12
1960.0,10.0,-0.1,1960.0,10.0,-0.1
1960.0,11.0,0.18,1960.0,11.0,0.18
1961.0,0.0,0.09,1961.0,0.0,0.09
1961.0,1.0,0.22,1961.0,1.0,0.22
1961.0,2.0,0.03,1961.0,2.0,0.03
1961.0,3.0,0.13,1961.0,3.0,0.13
1961.0,4.0,0.17,1961.0,4.0,0.17
1961.0,5.0,0.12,1961.0,5.0,0.12
1961.0,6.0,0.0,1961.0,6.0,0.0
1961.0,7.0,0.08,1961.0,7.0,0.08
1961.0,8.0,0.16,1961.0,8.0,0.16
1961.0,9.0,0.09,1961.0,9.0,0.09
1961.0,10.0,0.08,1961.0,10.0,0.08
1961.0,11.0,-0.14,1961.0,11.0,-0.14
1962.0,0.0,0.08,1962.0,0.0,0.08
1962.0,1.0,0.16,1962.0,1.0,0.16
1962.0,2.0,0.11,1962.0,2.0,0.11
1962.0,3.0,0.06,1962.0,3.0,0.06
1962.0,4.0,-0.11,1962.0,4.0,-0.11
1962.0,5.0,0.05,1962.0,5.0,0.05
1962.0,6.0,-0.12,1962.0,6.0,-0.12
1962.0,7.0,-0.08,1962.0,7.0,-0.08
1962.0,8.0,0.01,1962.0,8.0,0.01
1962.0,9.0,0.02,1962.0,9.0,0.02
1962.0,10.0,0.1,1962.0,10.0,0.1
1962.0,11.0,0.0,1962.0,11.0,0.0
1963.0,0.0,-0.01,1963.0,0.0,-0.01
1963.0,1.0,0.24,1963.0,1.0,0.24
1963.0,2.0,-0.22,1963.0,2.0,-0.22
1963.0,3.0,-0.19,1963.0,3.0,-0.19
1963.0,4.0,-0.13,1963.0,4.0,-0.13
1963.0,5.0,0.03,1963.0,5.0,0.03
1963.0,6.0,0.06,1963.0,6.0,0.06
1963.0,7.0,0.19,1963.0,7.0,0.19
1963.0,8.0,0.23,1963.0,8.0,0.23
1963.0,9.0,0.1,1963.0,9.0,0.1
1963.0,10.0,0.05,1963.0,10.0,0.05
1963.0,11.0,-0.05,1963.0,11.0,-0.05
1964.0,0.0,-0.07,1964.0,0.0,-0.07
1964.0,1.0,-0.17,1964.0,1.0,-0.17
1964.0,2.0,-0.27,1964.0,2.0,-0.27
1964.0,3.0,-0.36,1964.0,3.0,-0.36
1964.0,4.0,-0.33,1964.0,4.0,-0.33
1964.0,5.0,-0.14,1964.0,5.0,-0.14
1964.0,6.0,-0.08,1964.0,6.0,-0.08
1964.0,7.0,-0.29,1964.0,7.0,-0.29
1964.0,8.0,-0.37,1964.0,8.0,-0.37
1964.0,9.0,-0.35,1964.0,9.0,-0.35
1964.0,10.0,-0.21,1964.0,10.0,-0.21
1964.0,11.0,-0.34,1964.0,11.0,-0.34
1965.0,0.0,-0.05,1965.0,0.0,-0.05
1965.0,1.0,-0.17,1965.0,1.0,-0.17
1965.0,2.0,-0.12,1965.0,2.0,-0.12
1965.0,3.0,-0.28,1965.0,3.0,-0.28
1965.0,4.0,-0.16,1965.0,4.0,-0.16
1965.0,5.0,-0.15,1965.0,5.0,-0.15
1965.0,6.0,-0.26,1965.0,6.0,-0.26
1965.0,7.0,-0.08,1965.0,7.0,-0.08
1965.0,8.0,-0.27,1965.0,8.0,-0.27
1965.0,9.0,-0.09,1965.0,9.0,-0.09
1965.0,10.0,-0.13,1965.0,10.0,-0.13
1965.0,11.0,-0.18,1965.0,11.0,-0.18
1966.0,0.0,-0.22,1966.0,0.0,-0.22
1966.0,1.0,-0.03,1966.0,1.0,-0.03
1966.0,2.0,0.14,1966.0,2.0,0.14
1966.0,3.0,-0.09,1966.0,3.0,-0.09
1966.0,4.0,-0.11,1966.0,4.0,-0.11
1966.0,5.0,-0.04,1966.0,5.0,-0.04
1966.0,6.0,0.11,1966.0,6.0,0.11
1966.0,7.0,-0.1,1966.0,7.0,-0.1
1966.0,8.0,-0.03,1966.0,8.0,-0.03
1966.0,9.0,-0.26,1966.0,9.0,-0.26
1966.0,10.0,-0.05,1966.0,10.0,-0.05
1966.0,11.0,-0.09,1966.0,11.0,-0.09
1967.0,0.0,-0.08,1967.0,0.0,-0.08
1967.0,1.0,-0.26,1967.0,1.0,-0.26
1967.0,2.0,0.01,1967.0,2.0,0.01
1967.0,3.0,-0.09,1967.0,3.0,-0.09
1967.0,4.0,0.17,1967.0,4.0,0.17
1967.0,5.0,-0.13,1967.0,5.0,-0.13
1967.0,6.0,0.05,1967.0,6.0,0.05
1967.0,7.0,0.03,1967.0,7.0,0.03
1967.0,8.0,-0.01,1967.0,8.0,-0.01
1967.0,9.0,0.11,1967.0,9.0,0.11
1967.0,10.0,0.0,1967.0,10.0,0.0
1967.0,11.0,0.0,1967.0,11.0,0.0
1968.0,0.0,-0.21,1968.0,0.0,-0.21
1968.0,1.0,-0.17,1968.0,1.0,-0.17
1968.0,2.0,0.32,1968.0,2.0,0.32
1968.0,3.0,-0.09,1968.0,3.0,-0.09
1968.0,4.0,-0.18,1968.0,4.0,-0.18
1968.0,5.0,-0.12,1968.0,5.0,-0.12
1968.0,6.0,-0.13,1968.0,6.0,-0.13
1968.0,7.0,-0.08,1968.0,7.0,-0.08
1968.0,8.0,-0.27,1968.0,8.0,-0.27
1968.0,9.0,0.05,1968.0,9.0,0.05
1968.0,10.0,-0.07,1968.0,10.0,-0.07
1968.0,11.0,-0.21,1968.0,11.0,-0.21
1969.0,0.0,-0.16,1969.0,0.0,-0.16
1969.0,1.0,-0.27,1969.0,1.0,-0.27
1969.0,2.0,-0.1,1969.0,2.0,-0.1
1969.0,3.0,0.11,1969.0,3.0,0.11
1969.0,4.0,0.15,1969.0,4.0,0.15
1969.0,5.0,0.04,1969.0,5.0,0.04
1969.0,6.0,-0.02,1969.0,6.0,-0.02
1969.0,7.0,-0.09,1969.0,7.0,-0.09
1969.0,8.0,0.01,1969.0,8.0,0.01
1969.0,9.0,0.08,1969.0,9.0,0.08
1969.0,10.0,0.08,1969.0,10.0,0.08
1969.0,11.0,0.33,1969.0,11.0,0.33
1970.0,0.0,0.04,1970.0,0.0,0.04
1970.0,1.0,0.27,1970.0,1.0,0.27
1970.0,2.0,0.1,1970.0,2.0,0.1
1970.0,3.0,0.12,1970.0,3.0,0.12
1970.0,4.0,-0.05,1970.0,4.0,-0.05
1970.0,5.0,0.11,1970.0,5.0,0.11
1970.0,6.0,0.09,1970.0,6.0,0.09
1970.0,7.0,-0.08,1970.0,7.0,-0.08
1970.0,8.0,0.15,1970.0,8.0,0.15
1970.0,9.0,0.1,1970.0,9.0,0.1
1970.0,10.0,0.03,1970.0,10.0,0.03
1970.0,11.0,-0.11,1970.0,11.0,-0.11
1971.0,0.0,-0.02,1971.0,0.0,-0.02
1971.0,1.0,-0.14,1971.0,1.0,-0.14
1971.0,2.0,-0.2,1971.0,2.0,-0.2
1971.0,3.0,-0.04,1971.0,3.0,-0.04
1971.0,4.0,-0.07,1971.0,4.0,-0.07
1971.0,5.0,-0.2,1971.0,5.0,-0.2
1971.0,6.0,-0.09,1971.0,6.0,-0.09
1971.0,7.0,0.03,1971.0,7.0,0.03
1971.0,8.0,0.02,1971.0,8.0,0.02
1971.0,9.0,-0.01,1971.0,9.0,-0.01
1971.0,10.0,-0.11,1971.0,10.0,-0.11
1971.0,11.0,-0.04,1971.0,11.0,-0.04
1972.0,0.0,-0.29,1972.0,0.0,-0.29
1972.0,1.0,-0.31,1972.0,1.0,-0.31
1972.0,2.0,-0.07,1972.0,2.0,-0.07
1972.0,3.0,-0.05,1972.0,3.0,-0.05
1972.0,4.0,-0.02,1972.0,4.0,-0.02
1972.0,5.0,0.08,1972.0,5.0,0.08
1972.0,6.0,0.06,1972.0,6.0,0.06
1972.0,7.0,0.2,1972.0,7.0,0.2
1972.0,8.0,0.05,1972.0,8.0,0.05
1972.0,9.0,-0.03,1972.0,9.0,-0.03
1972.0,10.0,-0.05,1972.0,10.0,-0.05
1972.0,11.0,0.14,1972.0,11.0,0.14
1973.0,0.0,0.25,1973.0,0.0,0.25
1973.0,1.0,0.32,1973.0,1.0,0.32
1973.0,2.0,0.36,1973.0,2.0,0.36
1973.0,3.0,0.35,1973.0,3.0,0.35
1973.0,4.0,0.35,1973.0,4.0,0.35
1973.0,5.0,0.28,1973.0,5.0,0.28
1973.0,6.0,0.2,1973.0,6.0,0.2
1973.0,7.0,0.06,1973.0,7.0,0.06
1973.0,8.0,0.11,1973.0,8.0,0.11
1973.0,9.0,0.2,1973.0,9.0,0.2
1973.0,10.0,0.1,1973.0,10.0,0.1
1973.0,11.0,-0.02,1973.0,11.0,-0.02
1974.0,0.0,-0.06,1974.0,0.0,-0.06
1974.0,1.0,-0.24,1974.0,1.0,-0.24
1974.0,2.0,-0.01,1974.0,2.0,-0.01
1974.0,3.0,-0.08,1974.0,3.0,-0.08
1974.0,4.0,0.02,1974.0,4.0,0.02
1974.0,5.0,0.01,1974.0,5.0,0.01
1974.0,6.0,-0.03,1974.0,6.0,-0.03
1974.0,7.0,0.12,1974.0,7.0,0.12
1974.0,8.0,-0.15,1974.0,8.0,-0.15
1974.0,9.0,-0.08,1974.0,9.0,-0.08
1974.0,10.0,-0.08,1974.0,10.0,-0.08
1974.0,11.0,-0.04,1974.0,11.0,-0.04
1975.0,0.0,0.06,1975.0,0.0,0.06
1975.0,1.0,0.09,1975.0,1.0,0.09
1975.0,2.0,0.13,1975.0,2.0,0.13
1975.0,3.0,0.04,1975.0,3.0,0.04
1975.0,4.0,0.26,1975.0,4.0,0.26
1975.0,5.0,0.04,1975.0,5.0,0.04
1975.0,6.0,0.06,1975.0,6.0,0.06
1975.0,7.0,-0.25,1975.0,7.0,-0.25
1975.0,8.0,-0.03,1975.0,8.0,-0.03
1975.0,9.0,-0.04,1975.0,9.0,-0.04
1975.0,10.0,-0.06,1975.0,10.0,-0.06
1975.0,11.0,-0.22,1975.0,11.0,-0.22
1976.0,0.0,-0.01,1976.0,0.0,-0.01
1976.0,1.0,-0.07,1976.0,1.0,-0.07
1976.0,2.0,-0.31,1976.0,2.0,-0.31
1976.0,3.0,-0.23,1976.0,3.0,-0.23
1976.0,4.0,-0.23,1976.0,4.0,-0.23
1976.0,5.0,-0.18,1976.0,5.0,-0.18
1976.0,6.0,-0.16,1976.0,6.0,-0.16
1976.0,7.0,-0.23,1976.0,7.0,-0.23
1976.0,8.0,-0.15,1976.0,8.0,-0.15
1976.0,9.0,-0.36,1976.0,9.0,-0.36
1976.0,10.0,-0.16,1976.0,10.0,-0.16
1976.0,11.0,-0.02,1976.0,11.0,-0.02
1977.0,0.0,0.15,1977.0,0.0,0.15
1977.0,1.0,0.23,1977.0,1.0,0.23
1977.0,2.0,0.31,1977.0,2.0,0.31
1977.0,3.0,0.31,1977.0,3.0,0.31
1977.0,4.0,0.3,1977.0,4.0,0.3
1977.0,5.0,0.32,1977.0,5.0,0.32
1977.0,6.0,0.31,1977.0,6.0,0.31
1977.0,7.0,0.28,1977.0,7.0,0.28
1977.0,8.0,-0.09,1977.0,8.0,-0.09
1977.0,9.0,0.0,1977.0,9.0,0.0
1977.0,10.0,0.24,1977.0,10.0,0.24
1977.0,11.0,0.15,1977.0,11.0,0.15
1978.0,0.0,0.14,1978.0,0.0,0.14
1978.0,1.0,0.2,1978.0,1.0,0.2
1978.0,2.0,0.28,1978.0,2.0,0.28
1978.0,3.0,0.27,1978.0,3.0,0.27
1978.0,4.0,0.2,1978.0,4.0,0.2
1978.0,5.0,0.04,1978.0,5.0,0.04
1978.0,6.0,0.19,1978.0,6.0,0.19
1978.0,7.0,-0.14,1978.0,7.0,-0.14
1978.0,8.0,0.15,1978.0,8.0,0.15
1978.0,9.0,0.04,1978.0,9.0,0.04
1978.0,10.0,0.15,1978.0,10.0,0.15
1978.0,11.0,0.12,1978.0,11.0,0.12
1979.0,0.0,0.17,1979.0,0.0,0.17
1979.0,1.0,-0.1,1979.0,1.0,-0.1
1979.0,2.0,0.26,1979.0,2.0,0.26
1979.0,3.0,0.2,1979.0,3.0,0.2
1979.0,4.0,0.09,1979.0,4.0,0.09
1979.0,5.0,0.21,1979.0,5.0,0.21
1979.0,6.0,0.04,1979.0,6.0,0.04
1979.0,7.0,0.13,1979.0,7.0,0.13
1979.0,8.0,0.29,1979.0,8.0,0.29
1979.0,9.0,0.27,1979.0,9.0,0.27
1979.0,10.0,0.31,1979.0,10.0,0.31
1979.0,11.0,0.53,1979.0,11.0,0.53
1980.0,0.0,0.37,1980.0,0.0,0.37
1980.0,1.0,0.46,1980.0,1.0,0.46
1980.0,2.0,0.41,1980.0,2.0,0.41
1980.0,3.0,0.44,1980.0,3.0,0.44
1980.0,4.0,0.46,1980.0,4.0,0.46
1980.0,5.0,0.22,1980.0,5.0,0.22
1980.0,6.0,0.38,1980.0,6.0,0.38
1980.0,7.0,0.31,1980.0,7.0,0.31
1980.0,8.0,0.33,1980.0,8.0,0.33
1980.0,9.0,0.24,1980.0,9.0,0.24
1980.0,10.0,0.29,1980.0,10.0,0.29
1980.0,11.0,0.19,1980.0,11.0,0.19
1981.0,0.0,0.62,1981.0,0.0,0.62
1981.0,1.0,0.57,1981.0,1.0,0.57
1981.0,2.0,0.66,1981.0,2.0,0.66
1981.0,3.0,0.5,1981.0,3.0,0.5
1981.0,4.0,0.32,1981.0,4.0,0.32
1981.0,5.0,0.38,1981.0,5.0,0.38
1981.0,6.0,0.51,1981.0,6.0,0.51
1981.0,7.0,0.53,1981.0,7.0,0.53
1981.0,8.0,0.28,1981.0,8.0,0.28
1981.0,9.0,0.11,1981.0,9.0,0.11
1981.0,10.0,0.22,1981.0,10.0,0.22
1981.0,11.0,0.47,1981.0,11.0,0.47
1982.0,0.0,0.13,1982.0,0.0,0.13
1982.0,1.0,0.25,1982.0,1.0,0.25
1982.0,2.0,0.0,1982.0,2.0,0.0
1982.0,3.0,0.03,1982.0,3.0,0.03
1982.0,4.0,0.25,1982.0,4.0,0.25
1982.0,5.0,0.04,1982.0,5.0,0.04
1982.0,6.0,0.18,1982.0,6.0,0.18
1982.0,7.0,0.08,1982.0,7.0,0.08
1982.0,8.0,0.1,1982.0,8.0,0.1
1982.0,9.0,0.02,1982.0,9.0,0.02
1982.0,10.0,0.13,1982.0,10.0,0.13
1982.0,11.0,0.42,1982.0,11.0,0.42
1983.0,0.0,0.49,1983.0,0.0,0.49
1983.0,1.0,0.41,1983.0,1.0,0.41
1983.0,2.0,0.48,1983.0,2.0,0.48
1983.0,3.0,0.41,1983.0,3.0,0.41
1983.0,4.0,0.49,1983.0,4.0,0.49
1983.0,5.0,0.28,1983.0,5.0,0.28
1983.0,6.0,0.21,1983.0,6.0,0.21
1983.0,7.0,0.47,1983.0,7.0,0.47
1983.0,8.0,0.57,1983.0,8.0,0.57
1983.0,9.0,0.34,1983.0,9.0,0.34
1983.0,10.0,0.33,1983.0,10.0,0.33
1983.0,11.0,0.18,1983.0,11.0,0.18
1984.0,0.0,0.24,1984.0,0.0,0.24
1984.0,1.0,0.16,1984.0,1.0,0.16
1984.0,2.0,0.38,1984.0,2.0,0.38
1984.0,3.0,0.15,1984.0,3.0,0.15
1984.0,4.0,0.46,1984.0,4.0,0.46
1984.0,5.0,0.05,1984.0,5.0,0.05
1984.0,6.0,0.19,1984.0,6.0,0.19
1984.0,7.0,0.28,1984.0,7.0,0.28
1984.0,8.0,0.27,1984.0,8.0,0.27
1984.0,9.0,0.22,1984.0,9.0,0.22
1984.0,10.0,0.11,1984.0,10.0,0.11
1984.0,11.0,0.03,1984.0,11.0,0.03
1985.0,0.0,0.32,1985.0,0.0,0.32
1985.0,1.0,0.03,1985.0,1.0,0.03
1985.0,2.0,0.27,1985.0,2.0,0.27
1985.0,3.0,0.21,1985.0,3.0,0.21
1985.0,4.0,0.22,1985.0,4.0,0.22
1985.0,5.0,0.27,1985.0,5.0,0.27
1985.0,6.0,0.03,1985.0,6.0,0.03
1985.0,7.0,0.35,1985.0,7.0,0.35
1985.0,8.0,0.26,1985.0,8.0,0.26
1985.0,9.0,0.13,1985.0,9.0,0.13
1985.0,10.0,0.09,1985.0,10.0,0.09
1985.0,11.0,0.14,1985.0,11.0,0.14
1986.0,0.0,0.38,1986.0,0.0,0.38
1986.0,1.0,0.51,1986.0,1.0,0.51
1986.0,2.0,0.39,1986.0,2.0,0.39
1986.0,3.0,0.43,1986.0,3.0,0.43
1986.0,4.0,0.33,1986.0,4.0,0.33
1986.0,5.0,0.12,1986.0,5.0,0.12
1986.0,6.0,0.14,1986.0,6.0,0.14
1986.0,7.0,0.2,1986.0,7.0,0.2
1986.0,8.0,0.02,1986.0,8.0,0.02
1986.0,9.0,0.11,1986.0,9.0,0.11
1986.0,10.0,0.12,1986.0,10.0,0.12
1986.0,11.0,0.2,1986.0,11.0,0.2
1987.0,0.0,0.43,1987.0,0.0,0.43
1987.0,1.0,0.53,1987.0,1.0,0.53
1987.0,2.0,0.25,1987.0,2.0,0.25
1987.0,3.0,0.38,1987.0,3.0,0.38
1987.0,4.0,0.29,1987.0,4.0,0.29
1987.0,5.0,0.55,1987.0,5.0,0.55
1987.0,6.0,0.58,1987.0,6.0,0.58
1987.0,7.0,0.26,1987.0,7.0,0.26
1987.0,8.0,0.36,1987.0,8.0,0.36
1987.0,9.0,0.34,1987.0,9.0,0.34
1987.0,10.0,0.29,1987.0,10.0,0.29
1987.0,11.0,0.56,1987.0,11.0,0.56
1988.0,0.0,0.66,1988.0,0.0,0.66
1988.0,1.0,0.48,1988.0,1.0,0.48
1988.0,2.0,0.62,1988.0,2.0,0.62
1988.0,3.0,0.5,1988.0,3.0,0.5
1988.0,4.0,0.62,1988.0,4.0,0.62
1988.0,5.0,0.59,1988.0,5.0,0.59
1988.0,6.0,0.44,1988.0,6.0,0.44
1988.0,7.0,0.56,1988.0,7.0,0.56
1988.0,8.0,0.55,1988.0,8.0,0.55
1988.0,9.0,0.55,1988.0,9.0,0.55
1988.0,10.0,0.18,1988.0,10.0,0.18
1988.0,11.0,0.38,1988.0,11.0,0.38
1989.0,0.0,0.25,1989.0,0.0,0.25
1989.0,1.0,0.45,1989.0,1.0,0.45
1989.0,2.0,0.44,1989.0,2.0,0.44
1989.0,3.0,0.43,1989.0,3.0,0.43
1989.0,4.0,0.18,1989.0,4.0,0.18
1989.0,5.0,0.15,1989.0,5.0,0.15
1989.0,6.0,0.48,1989.0,6.0,0.48
1989.0,7.0,0.51,1989.0,7.0,0.51
1989.0,8.0,0.54,1989.0,8.0,0.54
1989.0,9.0,0.43,1989.0,9.0,0.43
1989.0,10.0,0.23,1989.0,10.0,0.23
1989.0,11.0,0.4,1989.0,11.0,0.4
1990.0,0.0,0.53,1990.0,0.0,0.53
1990.0,1.0,0.41,1990.0,1.0,0.41
1990.0,2.0,0.85,1990.0,2.0,0.85
1990.0,3.0,0.64,1990.0,3.0,0.64
1990.0,4.0,0.55,1990.0,4.0,0.55
1990.0,5.0,0.46,1990.0,5.0,0.46
1990.0,6.0,0.62,1990.0,6.0,0.62
1990.0,7.0,0.42,1990.0,7.0,0.42
1990.0,8.0,0.3,1990.0,8.0,0.3
1990.0,9.0,0.51,1990.0,9.0,0.51
1990.0,10.0,0.54,1990.0,10.0,0.54
1990.0,11.0,0.48,1990.0,11.0,0.48
1991.0,0.0,0.5,1991.0,0.0,0.5
1991.0,1.0,0.63,1991.0,1.0,0.63
1991.0,2.0,0.48,1991.0,2.0,0.48
1991.0,3.0,0.73,1991.0,3.0,0.73
1991.0,4.0,0.43,1991.0,4.0,0.43
1991.0,5.0,0.7,1991.0,5.0,0.7
1991.0,6.0,0.63,1991.0,6.0,0.63
1991.0,7.0,0.57,1991.0,7.0,0.57
1991.0,8.0,0.63,1991.0,8.0,0.63
1991.0,9.0,0.36,1991.0,9.0,0.36
1991.0,10.0,0.33,1991.0,10.0,0.33
1991.0,11.0,0.33,1991.0,11.0,0.33
1992.0,0.0,0.51,1992.0,0.0,0.51
1992.0,1.0,0.43,1992.0,1.0,0.43
1992.0,2.0,0.54,1992.0,2.0,0.54
1992.0,3.0,0.24,1992.0,3.0,0.24
1992.0,4.0,0.28,1992.0,4.0,0.28
1992.0,5.0,0.31,1992.0,5.0,0.31
1992.0,6.0,0.08,1992.0,6.0,0.08
1992.0,7.0,0.14,1992.0,7.0,0.14
1992.0,8.0,-0.02,1992.0,8.0,-0.02
1992.0,9.0,0.09,1992.0,9.0,0.09
1992.0,10.0,0.03,1992.0,10.0,0.03
1992.0,11.0,0.25,1992.0,11.0,0.25
1993.0,0.0,0.4,1993.0,0.0,0.4
1993.0,1.0,0.42,1993.0,1.0,0.42
1993.0,2.0,0.34,1993.0,2.0,0.34
1993.0,3.0,0.31,1993.0,3.0,0.31
1993.0,4.0,0.29,1993.0,4.0,0.29
1993.0,5.0,0.28,1993.0,5.0,0.28
1993.0,6.0,0.4,1993.0,6.0,0.4
1993.0,7.0,0.22,1993.0,7.0,0.22
1993.0,8.0,0.1,1993.0,8.0,0.1
1993.0,9.0,0.24,1993.0,9.0,0.24
1993.0,10.0,0.09,1993.0,10.0,0.09
1993.0,11.0,0.18,1993.0,11.0,0.18
1994.0,0.0,0.4,1994.0,0.0,0.4
1994.0,1.0,0.09,1994.0,1.0,0.09
1994.0,2.0,0.28,1994.0,2.0,0.28
1994.0,3.0,0.53,1994.0,3.0,0.53
1994.0,4.0,0.28,1994.0,4.0,0.28
1994.0,5.0,0.58,1994.0,5.0,0.58
1994.0,6.0,0.42,1994.0,6.0,0.42
1994.0,7.0,0.27,1994.0,7.0,0.27
1994.0,8.0,0.41,1994.0,8.0,0.41
1994.0,9.0,0.42,1994.0,9.0,0.42
1994.0,10.0,0.51,1994.0,10.0,0.51
1994.0,11.0,0.44,1994.0,11.0,0.44
1995.0,0.0,0.57,1995.0,0.0,0.57
1995.0,1.0,0.9,1995.0,1.0,0.9
1995.0,2.0,0.52,1995.0,2.0,0.52
1995.0,3.0,0.59,1995.0,3.0,0.59
1995.0,4.0,0.38,1995.0,4.0,0.38
1995.0,5.0,0.5,1995.0,5.0,0.5
1995.0,6.0,0.64,1995.0,6.0,0.64
1995.0,7.0,0.58,1995.0,7.0,0.58
1995.0,8.0,0.47,1995.0,8.0,0.47
1995.0,9.0,0.67,1995.0,9.0,0.67
1995.0,10.0,0.53,1995.0,10.0,0.53
1995.0,11.0,0.4,1995.0,11.0,0.4
1996.0,0.0,0.42,1996.0,0.0,0.42
1996.0,1.0,0.61,1996.0,1.0,0.61
1996.0,2.0,0.45,1996.0,2.0,0.45
1996.0,3.0,0.51,1996.0,3.0,0.51
1996.0,4.0,0.35,1996.0,4.0,0.35
1996.0,5.0,0.33,1996.0,5.0,0.33
1996.0,6.0,0.58,1996.0,6.0,0.58
1996.0,7.0,0.76,1996.0,7.0,0.76
1996.0,8.0,0.43,1996.0,8.0,0.43
1996.0,9.0,0.33,1996.0,9.0,0.33
1996.0,10.0,0.51,1996.0,10.0,0.51
1996.0,11.0,0.54,1996.0,11.0,0.54
1997.0,0.0,0.48,1997.0,0.0,0.48
1997.0,1.0,0.55,1997.0,1.0,0.55
1997.0,2.0,0.66,1997.0,2.0,0.66
1997.0,3.0,0.4,1997.0,3.0,0.4
1997.0,4.0,0.43,1997.0,4.0,0.43
1997.0,5.0,0.67,1997.0,5.0,0.67
1997.0,6.0,0.33,1997.0,6.0,0.33
1997.0,7.0,0.45,1997.0,7.0,0.45
1997.0,8.0,0.49,1997.0,8.0,0.49
1997.0,9.0,0.6,1997.0,9.0,0.6
1997.0,10.0,0.71,1997.0,10.0,0.71
1997.0,11.0,0.69,1997.0,11.0,0.69
1998.0,0.0,0.72,1998.0,0.0,0.72
1998.0,1.0,1.21,1998.0,1.0,1.21
1998.0,2.0,0.84,1998.0,2.0,0.84
1998.0,3.0,0.83,1998.0,3.0,0.83
1998.0,4.0,0.93,1998.0,4.0,0.93
1998.0,5.0,1.03,1998.0,5.0,1.03
1998.0,6.0,0.92,1998.0,6.0,0.92
1998.0,7.0,0.85,1998.0,7.0,0.85
1998.0,8.0,0.59,1998.0,8.0,0.59
1998.0,9.0,0.69,1998.0,9.0,0.69
1998.0,10.0,0.66,1998.0,10.0,0.66
1998.0,11.0,0.78,1998.0,11.0,0.78
1999.0,0.0,0.68,1999.0,0.0,0.68
1999.0,1.0,0.85,1999.0,1.0,0.85
1999.0,2.0,0.49,1999.0,2.0,0.49
1999.0,3.0,0.41,1999.0,3.0,0.41
1999.0,4.0,0.49,1999.0,4.0,0.49
1999.0,5.0,0.63,1999.0,5.0,0.63
1999.0,6.0,0.62,1999.0,6.0,0.62
1999.0,7.0,0.54,1999.0,7.0,0.54
1999.0,8.0,0.66,1999.0,8.0,0.66
1999.0,9.0,0.63,1999.0,9.0,0.63
1999.0,10.0,0.57,1999.0,10.0,0.57
1999.0,11.0,0.51,1999.0,11.0,0.51
2000.0,0.0,0.3,2000.0,0.0,0.3
2000.0,1.0,0.78,2000.0,1.0,0.78
2000.0,2.0,0.7,2000.0,2.0,0.7
2000.0,3.0,0.75,2000.0,3.0,0.75
2000.0,4.0,0.56,2000.0,4.0,0.56
2000.0,5.0,0.69,2000.0,5.0,0.69
2000.0,6.0,0.63,2000.0,6.0,0.63
2000.0,7.0,0.61,2000.0,7.0,0.61
2000.0,8.0,0.57,2000.0,8.0,0.57
2000.0,9.0,0.35,2000.0,9.0,0.35
2000.0,10.0,0.48,2000.0,10.0,0.48
2000.0,11.0,0.48,2000.0,11.0,0.48
2001.0,0.0,0.58,2001.0,0.0,0.58
2001.0,1.0,0.62,2001.0,1.0,0.62
2001.0,2.0,0.68,2001.0,2.0,0.68
2001.0,3.0,0.61,2001.0,3.0,0.61
2001.0,4.0,0.73,2001.0,4.0,0.73
2001.0,5.0,0.66,2001.0,5.0,0.66
2001.0,6.0,0.72,2001.0,6.0,0.72
2001.0,7.0,0.63,2001.0,7.0,0.63
2001.0,8.0,0.71,2001.0,8.0,0.71
2001.0,9.0,0.62,2001.0,9.0,0.62
2001.0,10.0,0.8,2001.0,10.0,0.8
2001.0,11.0,0.73,2001.0,11.0,0.73
2002.0,0.0,0.97,2002.0,0.0,0.97
2002.0,1.0,0.9,2002.0,1.0,0.9
2002.0,2.0,1.14,2002.0,2.0,1.14
2002.0,3.0,0.8,2002.0,3.0,0.8
2002.0,4.0,0.87,2002.0,4.0,0.87
2002.0,5.0,0.65,2002.0,5.0,0.65
2002.0,6.0,0.84,2002.0,6.0,0.84
2002.0,7.0,0.69,2002.0,7.0,0.69
2002.0,8.0,0.83,2002.0,8.0,0.83
2002.0,9.0,0.64,2002.0,9.0,0.64
2002.0,10.0,0.71,2002.0,10.0,0.71
2002.0,11.0,0.56,2002.0,11.0,0.56
2003.0,0.0,0.94,2003.0,0.0,0.94
2003.0,1.0,0.75,2003.0,1.0,0.75
2003.0,2.0,0.73,2003.0,2.0,0.73
2003.0,3.0,0.7,2003.0,3.0,0.7
2003.0,4.0,0.87,2003.0,4.0,0.87
2003.0,5.0,0.64,2003.0,5.0,0.64
2003.0,6.0,0.66,2003.0,6.0,0.66
2003.0,7.0,0.85,2003.0,7.0,0.85
2003.0,8.0,0.83,2003.0,8.0,0.83
2003.0,9.0,0.85,2003.0,9.0,0.85
2003.0,10.0,0.65,2003.0,10.0,0.65
2003.0,11.0,0.88,2003.0,11.0,0.88
2004.0,0.0,0.74,2004.0,0.0,0.74
2004.0,1.0,0.95,2004.0,1.0,0.95
2004.0,2.0,0.85,2004.0,2.0,0.85
2004.0,3.0,0.77,2004.0,3.0,0.77
2004.0,4.0,0.49,2004.0,4.0,0.49
2004.0,5.0,0.67,2004.0,5.0,0.67
2004.0,6.0,0.23,2004.0,6.0,0.23
2004.0,7.0,0.59,2004.0,7.0,0.59
2004.0,8.0,0.58,2004.0,8.0,0.58
2004.0,9.0,0.82,2004.0,9.0,0.82
2004.0,10.0,0.87,2004.0,10.0,0.87
2004.0,11.0,0.65,2004.0,11.0,0.65
2005.0,0.0,0.96,2005.0,0.0,0.96
2005.0,1.0,0.87,2005.0,1.0,0.87
2005.0,2.0,0.96,2005.0,2.0,0.96
2005.0,3.0,0.84,2005.0,3.0,0.84
2005.0,4.0,0.75,2005.0,4.0,0.75
2005.0,5.0,0.83,2005.0,5.0,0.83
2005.0,6.0,0.8,2005.0,6.0,0.8
2005.0,7.0,0.74,2005.0,7.0,0.74
2005.0,8.0,0.98,2005.0,8.0,0.98
2005.0,9.0,1.0,2005.0,9.0,1.0
2005.0,10.0,0.9,2005.0,10.0,0.9
2005.0,11.0,0.89,2005.0,11.0,0.89
2006.0,0.0,0.77,2006.0,0.0,0.77
2006.0,1.0,0.91,2006.0,1.0,0.91
2006.0,2.0,0.81,2006.0,2.0,0.81
2006.0,3.0,0.7,2006.0,3.0,0.7
2006.0,4.0,0.51,2006.0,4.0,0.51
2006.0,5.0,0.76,2006.0,5.0,0.76
2006.0,6.0,0.65,2006.0,6.0,0.65
2006.0,7.0,0.82,2006.0,7.0,0.82
2006.0,8.0,0.72,2006.0,8.0,0.72
2006.0,9.0,0.82,2006.0,9.0,0.82
2006.0,10.0,0.84,2006.0,10.0,0.84
2006.0,11.0,0.89,2006.0,11.0,0.89
2007.0,0.0,1.22,2007.0,0.0,1.22
2007.0,1.0,0.93,2007.0,1.0,0.93
2007.0,2.0,0.91,2007.0,2.0,0.91
2007.0,3.0,0.93,2007.0,3.0,0.93
2007.0,4.0,0.95,2007.0,4.0,0.95
2007.0,5.0,0.66,2007.0,5.0,0.66
2007.0,6.0,0.78,2007.0,6.0,0.78
2007.0,7.0,0.84,2007.0,7.0,0.84
2007.0,8.0,0.81,2007.0,8.0,0.81
2007.0,9.0,0.8,2007.0,9.0,0.8
2007.0,10.0,0.72,2007.0,10.0,0.72
2007.0,11.0,0.7,2007.0,11.0,0.7
2008.0,0.0,0.47,2008.0,0.0,0.47
2008.0,1.0,0.45,2008.0,1.0,0.45
2008.0,2.0,0.9,2008.0,2.0,0.9
2008.0,3.0,0.67,2008.0,3.0,0.67
2008.0,4.0,0.56,2008.0,4.0,0.56
2008.0,5.0,0.5,2008.0,5.0,0.5
2008.0,6.0,0.73,2008.0,6.0,0.73
2008.0,7.0,0.4,2008.0,7.0,0.4
2008.0,8.0,0.82,2008.0,8.0,0.82
2008.0,9.0,0.72,2008.0,9.0,0.72
2008.0,10.0,0.81,2008.0,10.0,0.81
2008.0,11.0,0.72,2008.0,11.0,0.72
2009.0,0.0,0.75,2009.0,0.0,0.75
2009.0,1.0,0.75,2009.0,1.0,0.75
2009.0,2.0,0.66,2009.0,2.0,0.66
2009.0,3.0,0.75,2009.0,3.0,0.75
2009.0,4.0,0.84,2009.0,4.0,0.84
2009.0,5.0,0.81,2009.0,5.0,0.81
2009.0,6.0,0.87,2009.0,6.0,0.87
2009.0,7.0,0.85,2009.0,7.0,0.85
2009.0,8.0,0.9,2009.0,8.0,0.9
2009.0,9.0,0.73,2009.0,9.0,0.73
2009.0,10.0,0.83,2009.0,10.0,0.83
2009.0,11.0,0.77,2009.0,11.0,0.77
2010.0,0.0,0.98,2010.0,0.0,0.98
2010.0,1.0,1.06,2010.0,1.0,1.06
2010.0,2.0,1.13,2010.0,2.0,1.13
2010.0,3.0,1.0,2010.0,3.0,1.0
2010.0,4.0,0.97,2010.0,4.0,0.97
2010.0,5.0,0.85,2010.0,5.0,0.85
2010.0,6.0,0.74,2010.0,6.0,0.74
2010.0,7.0,0.83,2010.0,7.0,0.83
2010.0,8.0,0.85,2010.0,8.0,0.85
2010.0,9.0,0.95,2010.0,9.0,0.95
2010.0,10.0,1.01,2010.0,10.0,1.01
2010.0,11.0,0.7,2010.0,11.0,0.7
2011.0,0.0,0.72,2011.0,0.0,0.72
2011.0,1.0,0.69,2011.0,1.0,0.69
2011.0,2.0,0.77,2011.0,2.0,0.77
2011.0,3.0,0.82,2011.0,3.0,0.82
2011.0,4.0,0.64,2011.0,4.0,0.64
2011.0,5.0,0.72,2011.0,5.0,0.72
2011.0,6.0,0.91,2011.0,6.0,0.91
2011.0,7.0,0.96,2011.0,7.0,0.96
2011.0,8.0,0.77,2011.0,8.0,0.77
2011.0,9.0,0.83,2011.0,9.0,0.83
2011.0,10.0,0.78,2011.0,10.0,0.78
2011.0,11.0,0.8,2011.0,11.0,0.8
2012.0,0.0,0.62,2012.0,0.0,0.62
2012.0,1.0,0.58,2012.0,1.0,0.58
2012.0,2.0,0.7,2012.0,2.0,0.7
2012.0,3.0,0.8,2012.0,3.0,0.8
2012.0,4.0,0.93,2012.0,4.0,0.93
2012.0,5.0,0.72,2012.0,5.0,0.72
2012.0,6.0,0.57,2012.0,6.0,0.57
2012.0,7.0,0.85,2012.0,7.0,0.85
2012.0,8.0,0.89,2012.0,8.0,0.89
2012.0,9.0,0.92,2012.0,9.0,0.92
2012.0,10.0,0.94,2012.0,10.0,0.94
2012.0,11.0,0.72,2012.0,11.0,0.72
2013.0,0.0,0.98,2013.0,0.0,0.98
2013.0,1.0,0.75,2013.0,1.0,0.75
2013.0,2.0,0.85,2013.0,2.0,0.85
2013.0,3.0,0.66,2013.0,3.0,0.66
2013.0,4.0,0.66,2013.0,4.0,0.66
2013.0,5.0,0.87,2013.0,5.0,0.87
2013.0,6.0,0.66,2013.0,6.0,0.66
2013.0,7.0,0.79,2013.0,7.0,0.79
2013.0,8.0,1.01,2013.0,8.0,1.01
2013.0,9.0,0.86,2013.0,9.0,0.86
2013.0,10.0,0.89,2013.0,10.0,0.89
2013.0,11.0,0.84,2013.0,11.0,0.84
2014.0,0.0,0.96,2014.0,0.0,0.96
2014.0,1.0,0.67,2014.0,1.0,0.67
2014.0,2.0,0.78,2014.0,2.0,0.78
2014.0,3.0,0.89,2014.0,3.0,0.89
2014.0,4.0,1.05,2014.0,4.0,1.05
2014.0,5.0,0.78,2014.0,5.0,0.78
2014.0,6.0,0.72,2014.0,6.0,0.72
2014.0,7.0,0.85,2014.0,7.0,0.85
2014.0,8.0,1.1,2014.0,8.0,1.1
2014.0,9.0,1.01,2014.0,9.0,1.01
2014.0,10.0,0.8,2014.0,10.0,0.8
2014.0,11.0,0.98,2014.0,11.0,0.98
2015.0,0.0,0.95,2015.0,0.0,0.95
2015.0,1.0,1.08,2015.0,1.0,1.08
2015.0,2.0,1.11,2015.0,2.0,1.11
2015.0,3.0,0.78,2015.0,3.0,0.78
2015.0,4.0,0.85,2015.0,4.0,0.85
2015.0,5.0,0.85,2015.0,5.0,0.85
2015.0,6.0,0.7,2015.0,6.0,0.7
2015.0,7.0,0.89,2015.0,7.0,0.89
2015.0,8.0,0.81,2015.0,8.0,0.81
2015.0,9.0,1.2,2015.0,9.0,1.2
2015.0,10.0,1.19,2015.0,10.0,1.19
2015.0,11.0,1.39,2015.0,11.0,1.39
2016.0,0.0,1.36,2016.0,0.0,1.36
2016.0,1.0,1.65,2016.0,1.0,1.65
2016.0,2.0,1.64,2016.0,2.0,1.64
2016.0,3.0,1.35,2016.0,3.0,1.35
2016.0,4.0,1.15,2016.0,4.0,1.15
2016.0,5.0,0.91,2016.0,5.0,0.91
2016.0,6.0,0.97,2016.0,6.0,0.97
2016.0,7.0,1.3,2016.0,7.0,1.3
2016.0,8.0,1.1,2016.0,8.0,1.1
2016.0,9.0,1.21,2016.0,9.0,1.21
2016.0,10.0,1.18,2016.0,10.0,1.18
2016.0,11.0,1.12,2016.0,11.0,1.12
2017.0,0.0,1.13,2017.0,0.0,1.13
2017.0,1.0,1.42,2017.0,1.0,1.42
2017.0,2.0,1.38,2017.0,2.0,1.38
2017.0,3.0,1.16,2017.0,3.0,1.16
2017.0,4.0,1.22,2017.0,4.0,1.22
2017.0,5.0,0.79,2017.0,5.0,0.79
2017.0,6.0,1.06,2017.0,6.0,1.06
2017.0,7.0,1.09,2017.0,7.0,1.09
2017.0,8.0,0.96,2017.0,8.0,0.96
2017.0,9.0,1.15,2017.0,9.0,1.15
2017.0,10.0,1.04,2017.0,10.0,1.04
2017.0,11.0,1.17,2017.0,11.0,1.17
2018.0,0.0,1.03,2018.0,0.0,1.03
